speciesname,taxon_id
Eptesicus_nilssonii,7261816
Eptesicus_serotinus,2432359
Helix_pomatia,2294287
Lycaena_dispar,1929270
Miniopterus_schreibersii,9796816
Mustela_putorius,5218911
Myotis_alcathoe,4266346
Myotis_aurascens,4409308
Myotis_bechsteinii,2432427
Myotis_blythii,2432414
Myotis_brandtii,7261875
Myotis_capaccinii,2432430
Myotis_dasycneme,2432452
Myotis_daubentonii,2432439
Myotis_emarginatus,2432470
Myotis_myotis,2432416
Myotis_mystacinus,9754263
Myotis_nattereri,2432389
Nyctalus_lasiopterus,5218525
Nyctalus_leisleri,5218522
Nyctalus_noctula,5218524
Pipistrellus_kuhlii,5218464
Pipistrellus_nathusii,5218471
Pipistrellus_pipistrellus,5218465
Pipistrellus_pygmaeus,5707150
Plecotus_auritus,5218507
Plecotus_austriacus,5739437
Podarcis_muralis,2469188
Podarcis_taurica,2469065
Rhinolophus_blasii,2432666
Rhinolophus_euryale,2432621
Rhinolophus_ferrumequinum,2432655
Rhinolophus_hipposideros,2432614
Barbastella_barbastellus,2432582
Spermophilus_citellus,2437304
Tadarida_teniotis,2433009
Vespertilio_murinus,2432564
Zerynthia_polyxena,5141262
Erebia_calcaria,5135314
Pelobates_fuscus,2430567
Rana_temporaria,2426805
Bolbelasmus_unicornis,1085533
Boros_schneideri,4456155
Bromus_grossus,2703659
Erebia_christi,5134777
Ablepharus_kitaibelii,9439986
Clossiana_improba,5882039
Alopex_lagopus,5219303
Coenagrion_ornatum,1422002
Coenonympha_hero,1911168
Coenonympha_oedippus,1911093
Colias_myrmidone,5137708
Coronella_austriaca,5959617
Cricetus_cricetus,2438704
Cypripedium_calceolus,2820517
Daphne_arbuscula,7311463
Daphne_petraea,5524243
Dianthus_lumnitzeri,7489951
Dianthus_nitidus,7267339
Dinaromys_bogdanovi,2438502
Dracocephalum_austriacum,3903269
Elaphe_quatuorlineata,9197691
Eleocharis_carniolica,2717871
Encalypta_mutica,5280170
Erebia_medusa,5134680
Erebia_sudetica,5134808
Eriogaster_catax,4525268
Eryngium_alpinum,3633778
Erysimum_pieninicum,3048474
Euphydryas_aurinia,4535809
Felis_silvestris,7964291
Ferula_sadleriana,3636648
Fritillaria_drenovskii,5300375
Fritillaria_gussichiae,5300376
Genetta_genetta,5219362
Gentiana_ligustica,3838874
Gentiana_lutea,3170040
Gladiolus_palustris,2750279
Glyphipterix_loricatella,1829987
Angelica_palustris,3637114
Gulo_gulo,5219073
Gymnigritella_runei,2840551
Gypsophila_papillosa,5586222
Hesperia_comma,5142282
Himantoglossum_adriaticum,5324944
Hladnikia_pastinacifolia,5540289
Hyla_arborea,2427573
Hyles_hippophaes,1862774
Hystrix_cristata,5219888
Iris_marsica,5298940
Isophya_costata,1684375
Isophya_harzi,1684370
Isophya_stysi,1684312
Lacerta_agilis,6159223
Lacerta_viridis,6159273
Leptidea_morsei,5137908
Lepus_timidus,2436756
Ligularia_sibirica,6445722
Lutra_lutra,2433753
Lycaena_helle,7417698
Lynx_lynx,2435240
Maculinea_arion,4535168
Maculinea_nausithous,4535165
Maculinea_teleius,4535172
Mannia_triandra,5286287
Melanargia_arge,1916347
Aquilegia_alpina,3921499
Microtus_tatricus,2438637
Aquilegia_bertolonii,3921309
Mustela_lutreola,5219007
Arabis_scopoliana,5374899
Narcissus_asturiensis,2858431
Narcissus_bulbocodium,2858846
Arnica_montana,5405976
Artemisia_eriantha,4229609
Onosma_tornensis,9218377
Orthothecium_lapponicum,5283624
Paracaloptenus_caloptenoides,1702607
Parnassius_apollo,1938810
Parnassius_mnemosyne,1938520
Pelobates_cultripes,2430565
Pilemia_tigrina,8211086
Plecotus_macrobullaris,5787719
Podarcis_erhardii,2469075
Potentilla_delphinensis,5366702
Primula_scandinavica,7933553
Proserpinus_proserpina,1864161
Pulsatilla_grandis,7277986
Pulsatilla_patens,3033623
Pulsatilla_slavica,7433759
Pulsatilla_subslavica,7433759
Rana_arvalis,2426789
Adenophora_lilifolia,5604715
Rana_dalmatina,2426760
Rana_graeca,2426795
Rana_italica,2426815
Rana_latastei,2426788
Aster_pyrenaeus,9329340
Astragalus_aquilanus,5345691
Rhinolophus_mehelyi,2432667
Rupicapra_pyrenaica,5220171
Rupicapra_rupicapra,5220170
Saga_pedo,1683952
Salamandra_atra,2431781
Salamandra_lanzai,2431780
Salamandrina_terdigitata,2431852
Saxifraga_valdensis,3754286
Scilla_litardierei,2767252
Sicista_betulina,2439449
Spiranthes_aestivalis,2805343
Stenobothrus_eurasius,1710932
Stipa_styriaca,6432155
Testudo_graeca,2441461
Testudo_hermanni,2441454
Thlaspi_jankae,3045253
Tortella_rigens,2671366
Triturus_cristatus,2431885
Adonis_distorta,5616499
Triturus_dobrogicus,2431891
Triturus_karelinii,2431890
Triturus_montandoni,5218409
Ursus_arctos,2433433
Vertigo_angustior,4567182
Vertigo_geyeri,4567251
Vertigo_moulinsiana,4567215
Vipera_ammodytes,2444308
Vipera_ursinii,9807306
Vormela_peregusna,2433709
Papilio_alexanor,1938131
Bison_bonasus,2441184
Bombina_bombina,2423443
Bombina_variegata,2423435
Botrychium_simplex,2650180
Agrimonia_pilosa,3002003
Campanula_serrata,5411208
Canis_aureus,5219219
Canis_lupus,5219173
Capra_ibex,2441055
Capra_pyrenaica,2441054
Carabus_variolosus,4470538
Carex_holostoma,2722344
Dryomys_nitedula,2439688
Alytes_obstetricans,2426612
Galanthus_nivalis,2855356
Hyla_meridionalis,2427555
Leucobryum_glaucum,2675719
Leucorrhinia_albifrons,1429199
Leucorrhinia_pectoralis,1429194
Lopinga_achine,4535614
Muscardinus_avellanarius,2439658
Pseudogaurotina_excellens,1115612
Rhododendron_luteum,7135755
Ruscus_aculeatus,2769766
Syringa_josikaea,7636833
Triturus_marmoratus,2431886
Campanula_sabatia,5409803
Carabus_olympiae,4470646
Cochlearia_tatrae,5373286
Coenagrion_hylas,1421988
Coenagrion_mercuriale,1422012
Diplazium_sibiricum,7289166
Duvalius_hungaricus,4477266
Galemys_pyrenaicus,5219516
Apium_repens,7456091
Leucorrhinia_caudalis,1429178
Lindernia_procumbens,3171882
Liparis_loeselii,5323092
Luronium_natans,2864775
Luzula_arctica,2700683
Marsilea_quadrifolia,5274875
Meesia_longiseta,5282427
Natrix_tessellata,6161327
Ochyraea_tatrensis,8072836
Oxygastra_curtisii,1430236
Proteus_anguinus,2432042
Rana_pyrenaica,2426793
Ranunculus_lapponicus,7276583
Saxifraga_hirculus,3032811
Tozzia_carpathica,3724818
Trisetum_subalpestre,5946724
Triturus_carnifex,2431887
Triturus_macedonicus,2431888
Vertigo_genesii,4567211
Castor_fiber,4409131
Chilostoma_banaticum,4563479
Cordulegaster_heros,1421199
Emys_orbicularis,8909809
Graphoderus_bilineatus,4470279
Anisus_vorticulus,4562143
Margaritifera_margaritifera,7911174
Myosotis_rehsteineri,7930390
Ophiogomphus_cecilia,1426058
Astacus_astacus,2226998
Riccia_breidleri,7465957
Sadleriana_pannonica,4560905
Austropotamobius_pallipes,4312658
Austropotamobius_torrentium,4417555
Unio_crassus,4559558
Unio_elongatulus,4559608
Cynodontium_suecicum,2675182
Dicranum_viride,2675421
Distichophyllum_carinatum,5280094
Draba_cacuminum,3050152
Draba_dorneri,3050158
Androsace_cylindrica,7290761
Androsace_mathildae,4005922
Androsace_pyrenaica,4005170
Linaria_tonzigii,7790128
Moehringia_villosa,3810093
Arenaria_humifusa,7529713
Artemisia_genipi,7511951
Petrocoptis_montsicciana,7267092
Petrocoptis_pseudoviscosa,3808387
Physoplexis_comosa,3161912
Primula_carniolica,5640361
Primula_glaucescens,5640340
Asplenium_adulterinum,2650652
Saxifraga_florulenta,3754238
Saxifraga_presolanensis,3752513
Saxifraga_tombeanensis,3754891
Trifolium_saxatile,5359144
Viola_delphinantha,5664585
Braya_linearis,5373826
Campanula_morettiana,5410431
Campanula_zoysii,3168046
Cerastium_dinaricum,7267578
Cucujus_cinnaberinus,4451511
Cyclamen_fatrense,3169315
Dioszeghyana_schmidtii,5114054
Graellsia_isabellae,4526928
Limoniscus_violaceus,4428477
Lucanus_cervus,5743122
Martes_martes,5218878
Odontopodisma_rubripes,1710221
Orthotrichum_rogeri,2672681
Pholidoptera_transsylvanica,1695277
Phryganophilus_ruficollis,4453682
Rhysodes_sulcatus,5007652
Rosalia_alpina,7569075
Stephanopachys_linearis,4427599
Stephanopachys_substriatus,4427602
Tayloria_rudolphiana,5281501
Xestia_borealis,7727533
Buprestis_splendens,5744642
Buxbaumia_viridis,2682851
Calamagrostis_chalybaea,4124964
Calypso_bulbosa,5323572
Carabus_hampei,4470822
Cerambyx_cerdo,5820507
Elona_quimperiana,5782993
Scrophularia_herminii,3737600
Sisymbrium_supinum,5375515
Chelonia_mydas,2442225
Delphinapterus_leucas,5220003
Delphinus_delphis,8324617
Dermochelys_coriacea,9789983
Grampus_griseus,5220027
Halichoerus_grypus,2434806
Lagenorhynchus_acutus,5220073
Lithophaga_lithophaga,4374632
Lithothamnium_coralloides,2654944
Megaptera_novaeangliae,5220086
Orcinus_orca,2440483
Phoca_vitulina,2434793
Phocoena_phocoena,2440669
Phymatholithon_calcareum,2654944
Scyllarides_latus,2221735
Tursiops_truncatus,2440447
Caretta_caretta,8894817
Eryngium_viviparum,3641026
Festuca_brigantina,4127331
Festuca_elegans,4124641
Festuca_summilusitana,4113010
Gentianella_anglica,8116170
Iris_boissieri,5298488
Jurinea_cyanoides,5392633
Lacerta_bilineata,6159243
Lacerta_schreiberi,6159196
Armeria_sampaioi,5668182
Narcissus_cyclamineus,2858654
Narcissus_triandrus,2858501
Santolina_semidentata,3125941
Scilla_beirana,2767362
Aeshna_viridis,1425187
Thesium_ebracteatum,7774938
Biscutella_neustriaca,3041767
Veronica_micrantha,7997882
Vipera_seoanei,5960884
Bruchia_vogesiaca,5281823
Centaurium_somedanum,5596431
Chalcides_bedriagai,8974077
Chioglossa_lusitanica,2431938
Angelica_heterocarpa,5928331
Discoglossus_galganoi,2426616
Geomalacus_maculosus,4564441
Limonium_lanceolatum,7298058
Omphalodes_littoralis,9600694
Woodwardia_radicans,5275359
Bryoerythrophyllum_campylocarpum,2670513
Centaurea_borjae,3128787
Culcita_macrocarpa,8349980
Dryopteris_corleyi,5654715
Gomphus_graslinii,5051921
Mauremys_leprosa,2443341
Oenanthe_conioides,7443268
Petalophyllum_ralfsii,7940549
Rana_iberica,2426774
Rumex_rupestris,4036610
Soldanella_villosa,4004972
Stylurus_flavipes,5051901
Coleanthus_subtilis,2706035
Dichelyma_capillaceum,2678770
Isoetes_boryana,10808506
Macromia_splendens,1429876
Margaritifera_auricularia,5782525
Margaritifera_durrovensis,7911174
Najas_flexilis,5329315
Caldesia_parnassifolia,5329163
Dytiscus_latissimus,4470292
Eretmochelys_imbricata,8841716
Erignathus_barbatus,2434816
Eubalaena_glacialis,2440339
Globicephala_macrorhynchus,2440605
Globicephala_melas,2440596
Hyperoodon_ampullatus,5220013
Kogia_breviceps,2440694
Lagenodelphis_hosei,2440493
Lepidochelys_kempii,2442165
Mesoplodon_bidens,2440412
Mesoplodon_densirostris,2440403
Mesoplodon_europaeus,2440397
Mesoplodon_mirus,2440417
Monodon_monoceros,5220008
Balaenoptera_acutorostrata,2440728
Pseudorca_crassidens,2440440
Balaenoptera_borealis,2440709
Ziphius_cavirostris,2440369
Balaenoptera_edeni,2440714
Balaenoptera_musculus,2440735
Balaenoptera_physalus,2440718
Lagenorhynchus_albirostris,5220081
Stenella_coeruleoalba,5220055
Marsupella_profunda,5793132
Petrocoptis_grandiflora,3808482
Viola_hispida,5663414
Myomimus_roachi,2439663
Probaticus_subrugosus,4454238
Pelobates_syriacus,2430566
Potentilla_emilii-popii,5369241
Catopta_thrips,4525644
Crambe_tataria,5373485
Lacerta_trilineata,6159197
Mesocricetus_newtoni,2438483
Ophisaurus_apodus,2468350
Erannis_ankeraria,1956627
Arytrura_musculus,1777695
Centaurea_pontica,3128839
Propomacrus_cypriacus,1072120
Linaria_loeselii,8384512
Artemisia_oelandica,8161498
Corydalis_gotlandica,5531607
Primula_nutans,5414318
Moehringia_lateriflora,3085371
Puccinellia_phryganodes,2704674
Xylomoia_strix,1772458
Bryhnia_novae-angliae,2680274
Herzogiella_turfacea,2681914
Arctagrostis_latifolia,2706312
Arctophila_fulva,5290140
Hygrohypnum_montanum,2681567
Cinna_latifolia,2704845
Aldrovanda_vesiculosa,3190715
Najas_tenuissima,5329466
Persicaria_foliosa,4035833
Macroplea_pubipennis,8086854
Alisma_wahlenbergii,2865134
Hippuris_tetraphylla,7939048
Draba_cinerea,3049489
Anthrenochernes_stellae,2127372
Mesosa_myops,8071351
Aradus_angularis,4485547
Agathidium_pulchellum,5747828
Cephalozia_macounii,4276636
Corticaria_planula,4450854
Oxyporus_mannerheimii,7516178
Plagiomnium_drummondii,2677637
Pytho_kolwensis,4457579
Xyletinus_tremulicola,4426238
Pteromys_volans,2437258
Xestia_brunneopicta,8688267
Nymphalis_vaualbum,5714374
Algyroides_nigropunctatus,2469363
Stipa_zalesskii,6432021
Chondrosoma_fiduciarium,1979513
Lignyoptera_fumidaria,1963232
Galium_moldavicum,2913153
Gentianella_bohemica,3844100
Carabus_hungaricus,4471132
Sicista_subtilis,2439439
Spermophilus_suslicus,2437323
Astragalus_peterfii,5345142
Carlina_onopordifolia,8529147
Centaurea_jankae,3128022
Crocus_etruscus,2747813
Moehringia_jankae,3810415
Poa_riphaea,2704212
Stipa_bavarica,4144397
Stipa_danubialis,6432155
Stipa_veneta,6432155
Tulipa_hungarica,5299388
Cucullia_mixta,5109677
Polyommatus_eroides,5140244
Pseudophilotes_bavius,4535092
Euphrasia_marchesettii,3737855
Galium_cracoviense,2914482
Galium_sudeticum,2915084
Genista_holopetala,5347723
Kosteletzkya_pentacarpos,4939647
Minuartia_smejkalii,8256125
Artemisia_laciniata,3120923
Campanula_bohemica,5410654
Eryx_jaculus,9595248
Ophisops_elegans,2469702
Podarcis_melisellensis,2468999
Armeria_helodes,5668095
Artemisia_pancicii,3121387
Campanula_gelida,5410656
Centaurea_immanuelis-loewii,3127717
Cerastium_alsinifolium,7267859
Cirsium_brachycephalum,3113465
Colchicum_arenarium,2739933
Dianthus_moravicus,6364219
Erucastrum_palustre,5375519
Apatura_metis,5131860
Pedicularis_sudetica,3171733
Isoetes_malinverniana,7355662
Congeria_kusceri,5855853
Theodoxus_prevostianus,4561959
Brassica_glabrescens,3042605
Cochlearia_polonica,5373247
Theodoxus_transversalis,4562023
Salicornia_veneta,5568373
Moehringia_tommasinii,3810117
Primula_apennina,5641450
Saxifraga_berica,3753004
Centaurea_kartschiana,3128353
Nyctalus_azoreum,5218523
Pipistrellus_maderensis,5218476
Plecotus_teneriffae,5218519
Tarentola_boettgeri,2445052
Tarentola_delalandii,8994891
Tarentola_gomerensis,2445039
Chalcides_sexlineatus,5225153
Cheirolophus_junonianus,3097051
Discula_tabellata,5780146
Gallotia_atlantica,2468656
Gallotia_galloti,8682680
Gallotia_stehlini,2468651
Helichrysum_monogynum,3131776
Rumex_azoricus,4036062
Scabiosa_nitens,4103685
Bunium_brevifolium,7992416
Orchis_scopulorum,2849506
Chaerophyllum_azoricum,3642488
Ammi_trifoliatum,3631681
Deschampsia_maderensis,9599733
Euphrasia_azorica,3740173
Euphrasia_grandiflora,3738598
Lactuca_watsoniana,4210368
Ophioglossum_polyphyllum,7667287
Sanicula_azorica,3639728
Tarentola_angustimentalis,2445033
Caseolus_calculus,4565665
Chalcides_viridianus,5225148
Discula_testudinalis,5780094
Gallotia_simonyi,2468673
Anthyllis_lemanniana,5352359
Idiomela_subplicata,4564225
Lotus_azoricus,5356879
Melanoselinum_decipiens,9244277
Myosotis_azorica,5341176
Odontites_holliana,7824523
Asplenium_hemionitis,7310665
Saxifraga_portosanctana,3752577
Scilla_maderensis,2767295
Sibthorpia_peregrina,3732619
Teucrium_betonicum,3898359
Viola_paradoxa,8063597
Beta_patula,5383924
Plantago_malato-belizii,4156295
Chamaemeles_coriacea,3031018
Cheirolophus_massonianus,3097055
Cirsium_latifolium,3112721
Convolvulus_massonii,9258180
Echium_candicans,7551118
Euphorbia_stygiana,3069679
Jasminum_azoricum,3172271
Arceuthobium_azoricum,4069218
Limonium_arborescens,7875825
Limonium_dendroides,4090542
Limonium_spectabile,4089510
Limonium_sventenii,4089302
Argyranthemum_lidii,3104499
Maytenus_umbellata,3791289
Monanthes_wildpretii,4197353
Myrica_rivas-martinezii,3745163
Onopordum_nogalesii,3094899
Parolinia_schizogynoides,5377797
Pericallis_hadrosoma,3087419
Phalaris_maderensis,5678643
Picconia_azorica,5549939
Sambucus_palmensis,3857544
Sedum_brissemoretii,7670884
Sideritis_cystosiphon,3891662
Sideritis_discolor,8117625
Sideritis_infernalis,3890500
Sideritis_marmorea,3889964
Solanum_lidii,2929993
Sorbus_maderensis,10560332
Sventenia_bupleuroides,3105709
Tanacetum_ptarmiciflorum,4218280
Atractylis_arbuscula,5398267
Teline_rosmarinifolia,2940083
Atractylis_preauxiana,5398244
Aeonium_saundersii,4197651
Bencomia_brachystachya,3032182
Berberis_maderensis,3982110
Bupleurum_handiense,3638501
Calendula_maderensis,5694235
Caralluma_burchardii,9296604
Chalcides_simonyi,5225148
Cheirolophus_duranii,3097073
Cheirolophus_ghomerytus,3097041
Cistus_chinamadensis,7331358
Convolvulus_lopez-socasii,3676970
Crambe_arborea,5373530
Crambe_laevigata,5373461
Crambe_sventenii,5373522
Dendriopoterium_pulidoi,10800268
Anagyris_latifolia,3965840
Dorycnium_spectabile,5356950
Dracaena_draco,5304469
Euphorbia_handiensis,3067114
Ferula_latipinna,3637808
Frangula_azorica,7930611
Geomitra_moniziana,5783290
Globularia_ascanii,5578445
Helianthemum_bystropogophyllum,3596509
Hypochoeris_oligocephala,3093880
Isoplexis_chalcantha,8013319
Isoplexis_isabelliana,5559164
Kunkeliella_subsucculenta,7720261
Marcetella_maderensis,3024897
Monizia_edulis,9393490
Thamnobryum_fernandesii,7700234
Marsilea_azorica,5613457
Isoetes_azorica,8351014
Oenanthe_divaricata,5540468
Monachus_monachus,2434779
Stenella_frontalis,5220045
Kogia_simus,2440691
Steno_bredanensis,2440433
Cystophora_cristata,5219378
Sinapidendron_rupestre,3047767
Lotus_callis-viridis,5356840
Musschia_aurea,3164483
Musschia_wollastonii,3164489
Spergularia_azorica,3813164
Stemmacantha_cynaroides,3142204
Teline_salsoloides,9784794
Azorina_vidalii,3166266
Aichryson_dumosum,4197241
Crocidura_canariensis,2435551
Echinodium_spinosum,2675958
Echium_gentianoides,4059020
Andryala_crithmifolia,3105531
Geranium_maderense,2890983
Globularia_sarcophylla,5578495
Helichrysum_gossypinum,7379976
Hymenophyllum_maderensis,3608170
Leiostyla_corneocostata,4566645
Myosotis_maritima,5660980
Pittosporum_coriaceum,8350478
Polystichum_drepanum,4039363
Semele_maderensis,5303772
Teucrium_abutiloides,3901655
Bencomia_sphaerocarpa,3032179
Carex_malato-belizii,2728098
Goodyera_macrophylla,2840691
Erinaceus_algirus,2437136
Myotis_punicus,4266337
Podarcis_filfolensis,2469148
Scrophularia_grandiflora,7332908
Chamaeleo_chamaeleon,2449051
Pipistrellus_hanaki,5787632
Plecotus_kolombatovici,5739445
Podarcis_milensis,2469118
Podarcis_peloponnesiaca,2469022
Podarcis_pityusensis,2469028
Rousettus_aegyptiacus,2432953
Sisymbrium_cavanillesianum,3046747
Chalcides_ocellatus,5225137
Linaria_algarviana,7776721
Linaria_ricardoi,8010088
Alytes_cisternasii,2426610
Herpestes_ichneumon,2434255
Crocidura_sicula,2435553
Gibbula_nivosa,9326566
Pinna_nobilis,4374731
Patella_ferruginea,5728503
Euphrasia_mendoncae,7332902
Festuca_duriotagana,4125030
Fabriciana_elisa,1911812
Herniaria_maritima,8228636
Iris_lusitanica,5297966
Juncus_valvatus,2701520
Lampedusa_imitatrix,8724265
Leontodon_siculus,8350816
Leuzea_longifolia,8361473
Leuzea_rhaponticoides,3142178
Lynx_pardinus,2435261
Microtus_cabrerae,2438668
Narcissus_fernandesii,2858924
Narcissus_scaberulus,2858572
Ophrys_melitensis,2792725
Papilio_hospiton,1938050
Picris_willkommii,3093358
Plebicula_golgus,5772700
Saxifraga_cintrana,3754087
Thymus_carnosus,5607503
Crepis_pusilla,5403341
Bupleurum_capillare,3639640
Algyroides_fitzingeri,2469361
Capra_aegagrus,4262706
Carduus_myriacanthus,3114589
Centaurea_lactiflora,3128480
Centaurea_rothmalerana,9401685
Centaurium_rigualii,7270624
Coincya_rupestris,3040701
Colchicum_corsicum,2739652
Colchicum_cousturieri,2739741
Crepis_crocifolia,3143056
Crocus_cyprius,2747796
Alytes_muletensis,2426609
Diplotaxis_ibicensis,5376382
Diplotaxis_siettiana,5376403
Elaphe_sauromates,2458386
Erodium_astragaloides,3828671
Erodium_rupicola,3826194
Euphorbia_nevadensis,3066236
Euproctus_montanus,2431940
Euproctus_platycephalus,2431941
Festuca_henriquesii,5941045
Anchusa_crispa,8257208
Galium_litorale,2914154
Androcymbium_europaeum,2740599
Helianthemum_caput-felis,7331423
Herniaria_algarvica,3594304
Lamyropsis_microcephala,3132517
Leontodon_microcephalus,3133531
Linaria_flava,7612469
Lyciasalamandra_helverseni,2431829
Lythrum_flexuosum,3988992
Macrovipera_schweizeri,2444698
Mertensiella_luschani,2431833
Micropyropsis_tuberosa,4145890
Narcissus_longispathus,10671015
Narcissus_nevadensis,2858662
Narcissus_viridiflorus,2858201
Ophiomorus_punctatissimus,2462191
Ophrys_lunulata,2793844
Arabis_sadina,5375135
Ornithogalum_reverchonii,9254095
Paeonia_parnassica,3614186
Pinguicula_nevadensis,5667895
Podarcis_tiliguerta,2469126
Puccinellia_pungens,2704720
Ranunculus_weyleri,3921209
Rouya_polygama,9348906
Artemisia_granatensis,3121429
Santolina_impressa,4252829
Senecio_elodes,8075117
Seseli_intricatum,3630865
Sideritis_javalambrensis,7307469
Silene_mariana,8012009
Stipa_austroitalica,4144609
Testudo_marginata,2441502
Aconitum_corsicum,7976879
Thymus_capitellatus,7307657
Tulipa_cypria,5299588
Vicia_bifoliolata,2974799
Viola_athois,5663312
Vipera_xanthina,4820419
Astragalus_maritimus,5343495
Astragalus_tremolsianus,5346662
Astragalus_verrucosus,5346856
Baetica_ustulata,1692648
Bellevalia_hackelii,5304200
Elatine_gussonei,7550532
Anacamptis_urvilleana,7504253
Hyoseris_frutescens,8575922
Anthyllis_lusitanica,5627394
Limonium_multiflorum,4089687
Limonium_pseudolaetum,4090766
Linaria_coutinhoi,7759323
Macrothele_calpeiana,2145078
Convolvulus_fernandesii,3679523
Alyssum_pintodasilvae,3044979
Cremnophyton_lanfrancoi,7515774
Apteromantis_aptera,1405466
Narcissus_calcicola,2858644
Omphalodes_kuzinskyanae,9479684
Orobanche_densiflora,3733897
Plantago_algarbiensis,4155899
Armeria_neglecta,5668281
Armeria_rouyana,5668199
Pseudarrhenatherum_pallens,4120732
Armeria_velutina,5668162
Silene_longicilia,7267697
Thymus_camphoratus,7307674
Tuberaria_major,3595738
Boleum_asperum,5375681
Brassica_macrocarpa,3042797
Algyroides_marchi,2469356
Centaurea_akamantis,3127662
Centaurea_balearica,9142715
Algyroides_moreoticus,2469367
Centaurea_gadorensis,3128138
Centaurea_horrida,7468889
Centaurea_niederi,3127473
Centaurea_pinnata,3127672
Centaurea_pulvinata,3128734
Cephalanthera_cucullata,2795928
Crepis_granatensis,5403502
Crocus_hartmannianus,2747562
Cytisus_aeolicus,5354605
Daphne_rodriguezii,5524064
Discoglossus_pictus,2426617
Discoglossus_sardus,2426615
Emys_trinacris,5220531
Euphorbia_transtagana,3068150
Fritillaria_conica,5300841
Fritillaria_obliqua,5300571
Fritillaria_rhodocanakis,5300607
Gaudinia_hispanica,5672463
Genista_dorycnifolia,5347679
Globularia_stygia,8034529
Halimium_verticillatum,3595820
Helianthemum_alypoides,3595627
Androcymbium_rechingeri,2740521
Jankaea_heldreichii,3820087
Anthyllis_hystrix,5352343
Antirrhinum_charidemi,3741143
Laserpitium_longiradium,3630000
Leontodon_boryi,3137527
Lindenia_tetraphylla,5051794
Lithodora_nitida,4059956
Nepeta_sphaciotica,5609657
Odontites_granatensis,7639090
Origanum_dictamnus,3894972
Paeonia_cambessedesii,3614311
Arenaria_nevadensis,5585118
Phlomis_brevibracteata,3888448
Phlomis_cypria,7307289
Plantago_almogravensis,4155899
Podarcis_cretensis,5789532
Podarcis_levendis,5789530
Podarcis_lilfordi,2469155
Ribes_sardoum,4194757
Salvia_veneris,3884303
Santolina_elegans,3125943
Scilla_odorata,2767362
Sciurus_anomalus,8243249
Sideritis_serrata,3888771
Silene_hifacensis,5587262
Silene_holzmannii,7662000
Silene_velutina,7538949
Teucrium_charidemi,3897704
Teucrium_lepicephalum,4931003
Teucrium_turredanum,3892603
Ulex_densus,2951999
Zelkova_abelicea,4159329
Atropa_baetica,3802666
Avenula_hackelii,8358373
Cistus_palhinhae,3595098
Limonium_insulare,4088622
Marsilea_batardae,5613441
Myosotis_lusitanica,6096564
Chionodoxa_lochiae,2767355
Cordulegaster_trinacriae,1421207
Coronopus_navasii,5376452
Alytes_dickhilleni,2426613
Discoglossus_montalentii,2426621
Galium_viridiflorum,2913980
Hyla_intermedia,2427598
Hyla_sarda,2427563
Anthemis_glaberrima,3122645
Mandragora_officinarum,5341748
Marsilea_strigosa,5613324
Apium_bermejoi,5831893
Myosotis_retusifolia,5660582
Phoenix_theophrasti,5293186
Pinguicula_crystallina,8058554
Polygonum_praelongum,5652611
Veronica_oetaea,3728644
Unio_tumidiformis,6548059
Carex_panormitana,2722101
Helichrysum_melitense,3131272
Lampedusa_melitensis,5783180
Antirrhinum_lopesianum,3740165
Linaria_ficalhoana,7664498
Myrmecophilus_baronii,5100580
Palaeocyanus_crassifolius,3097098
Armadillidium_ghardalamensis,4416689
Pseudoseriscius_cameroni,4455199
Scrophularia_sublyrata,3735647
Silene_rothmaleri,5584478
Verbascum_litigiosum,9644635
Borderea_chouardii,2754399
Brassica_hilarionis,3042748
Brassica_insularis,3042880
Bupleurum_kakiskalae,3638275
Centaurea_citricolor,3127794
Centaurea_corymbosa,3128595
Centaurea_kalambakensis,3127554
Centaurea_peucedanifolia,3128211
Centranthus_trinervis,4095830
Allium_grosii,2855945
Consolida_samia,9680003
Convolvulus_argyrothamnus,3677070
Delphinium_caseyi,3920959
Dianthus_rupicola,7267156
Erigeron_frigidus,7444427
Erodium_paularense,3826450
Euphorbia_margalidiana,3065201
Helichrysum_sibthorpii,3131630
Hypericum_aciferum,3711466
Jurinea_fontqueri,5694634
Limonium_strictissimum,4089439
Linaria_hellenica,7376915
Linaria_tursica,8014330
Murbeckiella_sousae,3048748
Naufraga_balearica,5539675
Arenaria_provincialis,5584607
Armeria_berlengensis,4090794
Plecotus_sardus,5739436
Primula_palinuri,5641574
Ramonda_serbica,6365085
Armeria_soleirolii,8333551
Ranunculus_kykkoensis,3924925
Reseda_decursiva,3916426
Rosmarinus_tomentosus,10836683
Saxifraga_vayredana,3754220
Senecio_caespitosus,3108236
Senecio_nevadensis,3108888
Sideritis_cypria,3891669
Silene_hicesiae,5587273
Silene_orphanidis,5585543
Solenanthus_albanicus,4065077
Symphytum_cycladense,4067409
Asplenium_jahandiezii,8034974
Viola_cazorlensis,5663812
Viola_jaubertiana,5663499
Asyneuma_giganteum,3168262
Athamanta_cortiana,3633974
Brachytrupes_megacephalus,1716482
Asphodelus_bento-rainhae,2778450
Abies_nebrodensis,2685577
Hymenostemma_pseudanthemis,3132537
Arabis_kennedyae,5375066
Scilla_morrisii,2767291
Pyrus_magyarica,5362558
Linum_dolomiticum,4048500
Dianthus_diutinus,8232147
Seseli_leucospermum,5540358
Vincetoxicum_pannonicum,5525462
Phyllometra_culminaria,1985561
Duvalius_gebhardti,4477514
Hygromia_kovacsi,4564570
Paladilhia_hungarica,5784455
Campanula_romanica,5411146
Androcymbium_psammophilum,2740587
Convolvulus_caput-medusae,3681152
Hamatocaulis_lapponicus,9213010
Hyla_savignyi,2427599
Jungermannia_handelii,7465194
Leiostyla_abbreviata,4566639
Leiostyla_cassida,4566633
Leiostyla_gibba,4566576
Leiostyla_lamellosa,4566572
Linaria_pseudolaxiflora,7446038
Lotus_kunkelii,5356836
Peponocephala_electra,2440470
Riella_helicophylla,2688657
Sitta_krueperi,2484880
Emberiza_cineracea,2491469
Accipiter_brevipes,2480578
Accipiter_gentilis,2480589
Accipiter_nisus,2480637
Acridotheres_cristatellus,2489010
Acrocephalus_agricola,2493137
Acrocephalus_arundinaceus,2493128
Acrocephalus_dumetorum,2493145
Acrocephalus_melanopogon,2493124
Acrocephalus_paludicola,2493114
Acrocephalus_palustris,2493136
Acrocephalus_schoenobaenus,2493129
Acrocephalus_scirpaceus,2493118
Actitis_hypoleucos,2481800
Aegithalos_caudatus,2495000
Aegolius_funereus,5739298
Aegypius_monachus,5229165
Aix_galericulata,2498388
Aix_sponsa,2498387
Alauda_arvensis,8077224
Alca_torda,8277073
Alcedo_atthis,2475532
Alectoris_barbara,2474045
Alectoris_chukar,2474029
Alectoris_graeca,2474055
Alectoris_rufa,2474051
Alopochen_aegyptiaca,2498252
Amandava_amandava,2493698
Anas_acuta,2498112
Anas_crecca,8214667
Anas_platyrhynchos,9761484
Anser_albifrons,2498017
Anser_anser,2498036
Anser_brachyrhynchus,2498024
Anser_erythropus,2498026
Anser_fabalis,2498027
Anthus_berthelotii,2490270
Anthus_campestris,2490274
Anthus_cervinus,2490283
Anthus_petrosus,2490275
Anthus_pratensis,2490266
Anthus_trivialis,2490246
Apus_affinis,5228662
Apus_apus,5228676
Apus_caffer,5228644
Apus_pallidus,5228695
Apus_unicolor,5228694
Aquila_adalberti,2480510
Aquila_chrysaetos,2480506
Aquila_heliaca,2480500
Ardea_cinerea,9797180
Ardea_purpurea,2480934
Ardeola_ralloides,2480906
Arenaria_interpres,2481776
Asio_flammeus,2497295
Asio_otus,2497306
Athene_noctua,2497266
Aythya_ferina,2498255
Aythya_fuligula,2498261
Aythya_marila,2498265
Aythya_nyroca,2498259
Bombycilla_garrulus,2484605
Bonasa_bonasia,2473663
Botaurus_stellaris,2480910
Branta_bernicla,5232446
Branta_canadensis,5232437
Branta_leucopsis,5232464
Branta_ruficollis,5232451
Bubo_bubo,5959092
Bubulcus_ibis,2480830
Bucanetes_githagineus,2494394
Bucephala_clangula,2498326
Bulweria_bulwerii,2481606
Burhinus_oedicnemus,2482100
Buteo_buteo,2480537
Buteo_lagopus,2480524
Buteo_rufinus,2480564
Cairina_moschata,9751099
Calandrella_brachydactyla,2490681
Calcarius_lapponicus,2491678
Calidris_alba,2481748
Calidris_alpina,2481759
Calidris_canutus,2481765
Calidris_ferruginea,2481741
Calidris_maritima,2481743
Calidris_minuta,2481749
Calidris_temminckii,2481740
Caprimulgus_europaeus,8109681
Caprimulgus_ruficollis,9411857
Carduelis_carduelis,2494686
Carduelis_corsicana,4408961
Carpodacus_erythrinus,2494459
Catharacta_skua,2481618
Cepphus_grylle,2481312
Certhia_brachydactyla,7806848
Certhia_familiaris,2487603
Cettia_cetti,2493012
Charadrius_alexandrinus,2480311
Charadrius_dubius,7937336
Charadrius_hiaticula,9566659
Charadrius_leschenaultii,2480297
Chersophilus_duponti,2490674
Chlamydotis_undulata,2474864
Chlidonias_hybrida,2481121
Chlidonias_leucopterus,2481120
Chlidonias_niger,2481119
Chrysolophus_amherstiae,5228033
Chrysolophus_pictus,5228034
Ciconia_ciconia,2481912
Ciconia_nigra,2481909
Cinclus_cinclus,2495093
Circaetus_gallicus,2480666
Circus_aeruginosus,2480482
Circus_cyaneus,2480487
Circus_macrourus,2480491
Circus_pygargus,2480495
Cisticola_juncidis,2492822
Clamator_glandarius,2496464
Clangula_hyemalis,2498273
Coccothraustes_coccothraustes,2494329
Colinus_virginianus,9791464
Columba_bollii,2495427
Columba_junoniae,2495434
Columba_livia,2495414
Columba_oenas,2495471
Columba_palumbus,2495455
Columba_trocaz,2495406
Coracias_garrulus,2475365
Corvus_corax,2482492
Corvus_corone,9409796
Corvus_frugilegus,2482513
Corvus_monedula,6100954
Coturnix_coturnix,2474156
Crex_crex,4408498
Cuculus_canorus,5231918
Cursorius_cursor,2480740
Cygnus_atratus,2498344
Cygnus_cygnus,2498347
Cygnus_olor,2498343
Delichon_urbicum,2489214
Dendrocopos_leucotos,2477927
Dendrocopos_major,2477968
Dendrocopos_syriacus,2478031
Dryocopus_martius,2477872
Egretta_garzetta,2480876
Elanus_caeruleus,2480372
Emberiza_aureola,2491518
Emberiza_caesia,2491490
Emberiza_cia,2491498
Emberiza_cirlus,7626513
Emberiza_citrinella,2491534
Emberiza_melanocephala,9613112
Emberiza_pusilla,2491544
Emberiza_rustica,2491582
Emberiza_schoeniclus,2491557
Eremophila_alpestris,9415596
Erithacus_rubecula,2492462
Eudromias_morinellus,2480281
Falco_biarmicus,8014966
Falco_cherrug,2481034
Falco_columbarius,9813242
Falco_eleonorae,2481037
Falco_naumanni,9584698
Falco_peregrinus,2481047
Falco_rusticolus,8069880
Falco_subbuteo,2481035
Falco_tinnunculus,9616058
Falco_vespertinus,2481062
Ficedula_albicollis,2492601
Ficedula_hypoleuca,2492606
Ficedula_parva,2492605
Ficedula_semitorquata,2492608
Fratercula_arctica,2481353
Fringilla_coelebs,2494422
Fringilla_montifringilla,2494441
Fulica_atra,2474377
Fulica_cristata,2474381
Fulmarus_glacialis,2481433
Galerida_cristata,2490669
Galerida_theklae,9330514
Gallinago_gallinago,2481819
Gallinago_media,2481831
Gallinula_chloropus,5228199
Garrulus_glandarius,5229493
Gavia_adamsii,2481957
Gavia_arctica,2481959
Gavia_immer,2481962
Gavia_stellata,2481958
Glareola_nordmanni,2480758
Glareola_pratincola,2480757
Glaucidium_passerinum,5232162
Grus_grus,2474950
Gypaetus_barbatus,2480649
Gyps_fulvus,2480389
Haematopus_ostralegus,7788295
Haliaeetus_albicilla,2480449
Hieraaetus_pennatus,2480685
Himantopus_himantopus,5229126
Hippolais_icterina,2493220
Hippolais_olivetorum,2493219
Hippolais_polyglotta,2493214
Hirundo_rustica,9515886
Hydrobates_pelagicus,4408455
Ixobrychus_minutus,2480850
Jynx_torquilla,8012314
Lagopus_lagopus,2473421
Lagopus_muta,5227679
Lanius_collurio,7745240
Lanius_excubitor,9444556
Lanius_minor,2492854
Lanius_nubicus,2492855
Lanius_senator,2492867
Larus_argentatus,2481139
Larus_audouinii,7406504
Larus_cachinnans,2481181
Larus_canus,7982160
Larus_fuscus,2481174
Larus_genei,6065810
Larus_marinus,2481172
Larus_melanocephalus,8151548
Larus_michahellis,9413670
Larus_ridibundus,6065824
Leiothrix_lutea,5231398
Limosa_lapponica,2481681
Limosa_limosa,2481685
Locustella_fluviatilis,2493549
Locustella_luscinioides,2493551
Locustella_naevia,2493548
Loxia_curvirostra,9629160
Loxia_leucoptera,8144830
Loxia_pytyopsittacus,2494154
Loxia_scotica,2494177
Lullula_arborea,2490604
Luscinia_luscinia,2492542
Luscinia_megarhynchos,7660710
Lymnocryptes_minimus,2481835
Marmaronetta_angustirostris,2498390
Melanitta_fusca,2498238
Melanocorypha_calandra,2490613
Meleagris_gallopavo,9606290
Mergellus_albellus,2498285
Mergus_merganser,9537647
Mergus_serrator,2498375
Milvus_migrans,5229167
Milvus_milvus,5229168
Monticola_saxatilis,2490956
Monticola_solitarius,2490955
Montifringilla_nivalis,2492371
Morus_bassanus,2480964
Motacilla_alba,9687165
Motacilla_cinerea,2490310
Motacilla_citreola,2490307
Motacilla_flava,9701857
Muscicapa_striata,2492576
Myiopsitta_monachus,2479407
Neophron_percnopterus,2480696
Netta_rufina,2498180
Nucifraga_caryocatactes,2482613
Numenius_arquata,2481792
Numenius_phaeopus,2481784
Numenius_tenuirostris,2481789
Numida_meleagris,2473341
Nycticorax_nycticorax,2480863
Oenanthe_cypriaca,5231234
Oenanthe_hispanica,5231235
Oenanthe_isabellina,5231245
Oenanthe_leucura,5231236
Oenanthe_oenanthe,5231240
Oenanthe_pleschanka,5231233
Oriolus_oriolus,2488949
Otis_tarda,2474921
Otus_scops,2497701
Oxyura_jamaicensis,2498305
Oxyura_leucocephala,2498302
Pandion_haliaetus,2480726
Panurus_biarmicus,2493367
Parus_major,9705453
Passer_hispaniolensis,5231209
Passer_montanus,5231198
Pavo_cristatus,9451184
Pelagodroma_marina,2481991
Pelecanus_crispus,2480353
Pelecanus_onocrotalus,2480350
Perdix_perdix,2473958
Perisoreus_infaustus,2482449
Pernis_apivorus,2480420
Petronia_petronia,2492350
Phalacrocorax_aristotelis,2481861
Phalacrocorax_carbo,2481890
Phalaropus_lobatus,5739290
Phasianus_colchicus,9752149
Phoenicopterus_roseus,4352332
Phoenicurus_ochruros,5739315
Phoenicurus_phoenicurus,5739317
Phylloscopus_borealis,2493071
Phylloscopus_canariensis,7341593
Phylloscopus_ibericus,7341585
Phylloscopus_sibilatrix,8128385
Phylloscopus_trochilus,2493052
Pica_pica,5229490
Picoides_tridactylus,2477804
Picus_canus,2478548
Pinicola_enucleator,2494771
Platalea_leucorodia,2480801
Plectrophenax_nivalis,2491719
Plegadis_falcinellus,2480773
Pluvialis_apricaria,2480332
Pluvialis_squatarola,2480327
Podiceps_auritus,2482059
Podiceps_cristatus,2482054
Podiceps_grisegena,2482051
Podiceps_nigricollis,2482065
Polysticta_stelleri,5232431
Porzana_porzana,2474621
Prunella_collaris,5231770
Prunella_modularis,5231763
Psittacula_krameri,2479226
Pterocles_alchata,2480204
Pterocles_orientalis,2480193
Pterodroma_madeira,2481463
Puffinus_mauretanicus,5229360
Puffinus_puffinus,5229380
Puffinus_yelkouan,5229377
Pyrrhocorax_graculus,2482553
Pyrrhocorax_pyrrhocorax,2482552
Pyrrhula_murina,4408970
Pyrrhula_pyrrhula,2494543
Rallus_aquaticus,2474831
Recurvirostra_avosetta,2480259
Regulus_madeirensis,4408806
Regulus_regulus,2484596
Remiz_pendulinus,2487385
Riparia_riparia,2489160
Rissa_tridactyla,2481205
Saxicola_dacotiae,2492522
Saxicola_rubetra,2492521
Saxicola_torquatus,2492526
Scolopax_rusticola,2481700
Serinus_canaria,2494303
Serinus_serinus,2494200
Sitta_europaea,2484916
Sitta_neumayer,2484890
Sitta_whiteheadi,2484886
Somateria_mollissima,2498352
Stercorarius_longicaudus,2481613
Stercorarius_parasiticus,2481621
Sterna_dougallii,5229249
Sterna_hirundo,9367409
Sterna_paradisaea,5229230
Streptopelia_decaocto,2495696
Streptopelia_turtur,2495708
Strix_aluco,9282206
Strix_nebulosa,2497522
Strix_uralensis,2497509
Sturnus_unicolor,2489104
Sturnus_vulgaris,9809229
Surnia_ulula,2497894
Sylvia_atricapilla,2492956
Sylvia_borin,2492942
Sylvia_cantillans,2492950
Sylvia_communis,2492943
Sylvia_conspicillata,2492959
Sylvia_curruca,2492960
Sylvia_melanothorax,2492953
Sylvia_nisoria,2492955
Sylvia_undata,2492949
Syrmaticus_reevesii,2473477
Tachybaptus_ruficollis,2482048
Tachymarptis_melba,2477411
Tadorna_ferruginea,2498015
Tadorna_tadorna,2498009
Tarsiger_cyanurus,2492509
Tetrao_urogallus,2473577
Tetrax_tetrax,5228228
Threskiornis_aethiopicus,2480764
Tichodroma_muraria,2484918
Tringa_erythropus,2481725
Tringa_glareola,2481713
Tringa_nebularia,2481726
Tringa_ochropus,2481728
Tringa_stagnatilis,2481719
Tringa_totanus,2481714
Troglodytes_troglodytes,5231438
Turdus_merula,2490719
Turdus_philomelos,7901064
Turdus_pilaris,2490737
Turdus_torquatus,7865305
Turdus_viscivorus,2490774
Turnix_sylvaticus,2475001
Tyto_alba,2497921
Upupa_epops,2498415
Uria_aalge,2481342
Vanellus_spinosus,5229142
Vanellus_vanellus,2480242
Xenus_cinereus,2481703
Anthus_spinoletta,2490255
Emberiza_hortulana,2491482
Merops_apiaster,2475443
Sylvia_melanocephala,2492962
Turdus_iliacus,2490781
Microtus_oeconomus,2438635
Dactylorhiza_kalopissii,2810666
Iris_aphylla,5298613
Primula_spectabilis,7842450
Tephroseris_longifolia,3131004
Poa_laxa,2704212
Dryopteris_fragrans,5275131
Papaver_laestadianum,3601124
Morimus_funereus,1119288
Osmoderma_eremita,1079588
Ionopsidium_acaule,3040944
Senecio_lagascanus,3108080
Eirenis_modestus,2455751
Ophrys_kotschyi,2793061
Doronicum_plantagineum,8340385
Teucrium_salviastrum,8166847
Melilotus_segetalis,2971032
Murbeckiella_boryi,3048759
Anas_clypeata,2498089
Anas_penelope,2498111
Anas_querquedula,2498083
Anas_strepera,2498151
Aquila_clanga,2480509
Aquila_pomarina,2480505
Calandrella_rufescens,2490682
Calonectris_diomedea,2481521
Carduelis_citrinella,2494632
Chen_caerulescens,2498165
Erythropygia_galactotes,5788860
Francolinus_erckelii,5227872
Fringilla_teydea,2494442
Limicola_falcinellus,2481780
Luscinia_svecica,4408732
Melanitta_nigra,2498247
Oceanodroma_castro,2482001
Oceanodroma_leucorhoa,2482012
Passer_domesticus,5231190
Philomachus_pugnax,5229387
Phylloscopus_bonelli,2493070
Phylloscopus_collybita,2493091
Phylloscopus_trochiloides,2493084
Picus_viridis,2478523
Porzana_parva,2474627
Porzana_pusilla,2474628
Sylvia_hortensis,2492944
Sylvia_sarda,2492965
Clethrionomys_glareolus,2439140
Coluber_najadum,2453320
Crocidura_leucodon,2435723
Crocidura_russula,2435654
Crocidura_suaveolens,2435687
Eliomys_quercinus,2439683
Erinaceus_concolor,5219624
Erinaceus_europaeus,5219616
Hemidactylus_turcicus,5221528
Lacerta_oxycephala,2469372
Apodemus_agrarius,2437761
Lacerta_vivipara,2468553
Apodemus_sylvaticus,2437760
Martes_foina,5218887
Microtus_arvalis,2438606
Microtus_rossiaemeridionalis,2438666
Microtus_savii,2438650
Microtus_subterraneus,2438660
Mus_domesticus,4409155
Mus_musculus,7429082
Myoxus_glis,2439660
Nannospalax_leucodon,2438247
Nyctereutes_procyonoides,2434552
Pipistrellus_savii,5218484
Podarcis_hispanica,2469105
Podarcis_sicula,2469233
Procyon_lotor,5218786
Psammodromus_algirus,2469763
Rattus_norvegicus,2439261
Rattus_rattus,2439270
Sciurus_carolinensis,5219681
Sciurus_vulgaris,8211070
Sorex_coronatus,2436090
Spalax_graecus,2438885
Suncus_etruscus,2435506
Talpa_europaea,7872906
Talpa_romana,2436140
Talpa_stankovici,2436128
Tamias_sibiricus,2437450
Tarentola_mauritanica,2445034
Vipera_aspis,2444339
Vulpes_vulpes,5219243
Bufo_bufo,5217160
Bufo_calamita,5216775
Bufo_viridis,5216588
Chalcides_striatus,5225191
Dama_dama,5220136
Helicopsis_striata,8272259
Sorex_alpinus,2435986
Arvicola_amphibius,4265185
Cervus_elaphus,2440958
Alces_alces,2440940
Clethrionomys_rufocanus,2439138
Coluber_caspius,2457231
Coluber_gemonensis,2458930
Coluber_ravergieri,2459004
Coluber_viridiflavus,2458920
Coronella_girondica,5959645
Echium_russicum,4067889
Elaphe_hohenackeri,8124667
Elaphe_longissima,2458536
Elaphe_scalaris,2453019
Eremias_arguta,2468945
Euproctus_asper,2431825
Gortyna_borelii,1768308
Anguis_fragilis,2468095
Himantoglossum_caprinum,5324947
Hypodryas_maturna,1902152
Lacerta_aranica,2468510
Lacerta_bonnali,2468527
Lacerta_caucasica,8322715
Lacerta_horvathi,2468507
Lacerta_lepida,8033162
Lacerta_monticola,2468513
Lacerta_mosorensis,2469489
Lacerta_praticola,2468801
Lacerta_rudis,2468807
Laudakia_caucasia,7728002
Lemmus_lemmus,5219840
Apodemus_alpicola,2437769
Lepus_europaeus,7952072
Lilium_rubrum,2753024
Apodemus_flavicollis,2437756
Apodemus_mystacinus,2437773
Marmota_marmota,2437377
Meles_meles,2433875
Micromys_minutus,5219833
Microtus_agrestis,2438616
Apodemus_uralensis,2437775
Microtus_duodecimcostatus,2438619
Microtus_gerbei,2438662
Microtus_guentheri,2438628
Microtus_lusitanicus,2438669
Microtus_multiplex,2438647
Microtus_thomasi,2438625
Mus_spicilegus,2438805
Mus_spretus,2438793
Mustela_erminea,5219019
Mustela_eversmannii,5219058
Mustela_nivalis,5218987
Mustela_vison,5218823
Narcissus_juncifolius,2858943
Narcissus_pseudonarcissus,2858244
Natrix_natrix,6161347
Neomys_anomalus,7825895
Neomys_fodiens,2435767
Oryctolagus_cuniculus,2436940
Paeonia_officinalis,3083488
Phrynocephalus_guttatus,2466323
Phrynocephalus_mystaceus,2466373
Arvicola_terrestris,2438491
Platanthera_obtusata,2798436
Rana_esculenta,10665553
Rana_lessonae,2426655
Rana_macrocnemis,2426798
Rana_perezi,2426660
Rangifer_tarandus,5220114
Astragalus_centralpinus,5344304
Salamandra_aurorae,10977014
Serratula_lycopifolia,5386369
Sorex_araneus,8316400
Sorex_minutus,7571319
Sus_scrofa,7705930
Sylvilagus_floridanus,2436886
Talpa_caeca,8347063
Triturus_alpestris,2431785
Triturus_vittatus,2431812
Triturus_vulgaris,2431895
Typhlops_vermicularis,2471324
Vipera_berus,5960862
Vipera_kaznakovi,5960856
Vipera_latasti,2444332
Microtus_bavaricus,2438594
Agriades_glandon,1926054
Callimorpha_quadripunctaria,7580503
Capreolus_capreolus,5220126
Chionomys_nivalis,2438162
Clethrionomys_rutilus,2439139
Eirenis_collaris,2453265
Microtus_felteni,2438597
Aconitum_firmum,7277348
Myopus_schisticolor,2439358
Ovibos_moschatus,2441108
Pelodytes_caucasicus,5217374
Poa_granitica,4121637
Rana_grafi,8433215
Sorex_caecutiens,2435994
Sorex_minutissimus,2435959
Triturus_italicus,2431898
Castor_canadensis,2439838
Drepanocladus_vernicosus,5710895
Hirudo_medicinalis,2308887
Myocastor_coypus,4264680
Natrix_maura,6161340
Ondatra_zibethicus,5219858
Arvicola_sapidus,2438492
Pelodytes_punctatus,2424293
Rana_ridibunda,2426662
Salamandra_salamandra,2431776
Sympecma_braueri,1424206
Triturus_helveticus,2431911
Cobitis_bilineata,2368222
Cobitis_elongata,2368253
Cobitis_taenia,2368185
Alosa_agone,2412712
Coregonus_lavaretus,2351211
Cottus_gobio,7807208
Alosa_fallax,2412623
Eudontomyzon_danfordi,2421307
Eudontomyzon_mariae,2421315
Eudontomyzon_vladykovi,2421304
Gobio_albipinnatus,4409617
Gobio_kessleri,5205856
Gobio_uranoscopus,5205846
Gobio_vladykovi,4409616
Gymnocephalus_schraetzer,5209583
Acipenser_ruthenus,2402168
Hucho_hucho,2351413
Lampetra_planeri,2421402
Lethenteron_zanandreai,2421217
Leuciscus_souffia,4409595
Microcondylaea_compressa,4559642
Misgurnus_fossilis,2367936
Aspius_aspius,2360181
Rhodeus_sericeus,2360803
Rutilus_arcasii,2361440
Rutilus_frisii,2359678
Rutilus_pigus,2359686
Rutilus_rubilio,2359660
Rutilus_virgo,2359692
Sabanejewia_aurata,4286853
Sabanejewia_larvata,2367885
Salmo_macrostigma,2351621
Salmo_marmoratus,2351630
Salmo_salar,7595433
Barbus_barbus,5739539
Barbus_bergi,5205676
Barbus_cyclolepis,5739556
Thymallus_thymallus,5203999
Barbus_graellsii,5739546
Barbus_haasi,5207307
Barbus_meridionalis,5739559
Barbus_peloponnesius,5206714
Zingel_streber,2382111
Zingel_zingel,2382114
Coregonus_arenicolus,2351152
Coregonus_atterensis,2350984
Coregonus_austriacus,4409514
Coregonus_bavaricus,2351193
Coregonus_bezola,2351227
Barbus_plebejus,5207310
Coregonus_danneri,2351076
Coregonus_gutturosus,2351169
Coregonus_hiemalis,2351198
Coregonus_hoferi,2350945
Coregonus_holsatus,5853925
Coregonus_macrophthalmus,2351222
Coregonus_maxillaris,2351218
Coregonus_megalops,2351078
Coregonus_pallasii,2351228
Coregonus_renke,2350997
Barbus_strumicae,5206992
Coregonus_wartmanni,2350976
Alburnus_mento,2363021
Alburnus_sarmaticus,2363020
Chalcalburnus_chalcoides,2362983
Chondrostoma_genei,2360201
Chondrostoma_miegii,2359290
Chondrostoma_soetta,2360575
Chondrostoma_toxostoma,2359293
Crepis_tectorum,5403508
Alyssum_pyrenaicum,3050693
Hydromantes_strinatii,4409480
Lacerta_aurelioi,2468521
Lacerta_saxicola,7563972
Papaver_radicatum,2888444
Silene_furcata,5587872
Viola_rupestris,7296242
Scapania_massalongi,9014543
Malpolon_monspessulanus,8796529
Macropus_rufogriseus,2440196
Sorex_isodon,2436016
Lepus_granatensis,2436790
Talpa_occidentalis,2436152
Coregonus_oxyrhynchus,2351158
Acipenser_sturio,2402203
Alosa_alosa,2412685
Lampetra_fluviatilis,2421365
Phoca_groenlandica,2434802
Petromyzon_marinus,8236498
Phoca_hispida,2434773
Lepidochelys_olivacea,2442153
Acanthodactylus_erythrurus,5226733
Hydropotes_inermis,2440931
Lepus_castroviejoi,2436788
Muntiacus_reevesi,2440946
Podarcis_bocagei,2469143
Psammodromus_hispanicus,7917188
Sorex_granarius,2436071
Sphagnum_pylaisii,7997958
Thorella_verticillatinundata,6307147
Triturus_boscai,2431904
Blanus_cinereus,2473222
Centaurea_micrantha,3129068
Cervus_nippon,2440954
Coluber_hippocrepis,2459028
Discoglossus_jeanneae,2426620
Pleurodeles_waltl,2431875
Trichomanes_speciosum,5533254
Anthyllis_vulneraria,5352367
Rana_catesbeiana,2427092
Barbus_bocagei,5206849
Rutilus_alburnoides,2363395
Rutilus_macrolepidotus,2361449
Coregonus_clupeoides,2351049
Coregonus_pennantii,2351188
Coregonus_stigmaticus,2351220
Coregonus_vandesius,2351116
Chondrostoma_duriense,2360372
Chondrostoma_polylepis,2360369
Cobitis_calderoni,2368179
Cobitis_paludica,2368245
Alosa_killarnensis,2412705
Coregonus_albula,2351027
Coregonus_pollan,2351002
Physeter_catodon,2440352
Jasione_lusitanica,3165806
Alosa_caspia,4284114
Ophrys_argolica,2792792
Coluber_rubriceps,7718367
Cricetulus_migratorius,2438772
Elaphe_situla,8035896
Mus_macedonicus,2438783
Umbra_krameri,5203115
Mauremys_caspica,2443374
Alosa_tanaica,2412669
Pelecus_cultratus,2367038
Acipenser_gueldenstaedtii,2402129
Acipenser_stellatus,2402159
Cobitis_pontica,2368221
Alburnus_mandrensis,2363028
Alburnus_schischkovi,2363022
Gymnocephalus_baloni,2382142
Huso_huso,2402105
Alosa_immaculata,2412637
Alosa_maeotica,2412653
Cyrtopodion_kotschyi,7839124
Sorbus_teodorii,3012263
Dianthus_arenarius,3085422
Odocoileus_virginianus,2440965
Coregonus_widegreni,2351011
Coregonus_maraena,2351174
Pulsatilla_vulgaris,3033621
Salamandrella_keyserlingii,5218334
Rhinanthus_oesilensis,3742054
Saussurea_alpina,5404542
Coregonus_maraenoides,4409518
Coregonus_nilssoni,2351071
Coregonus_pidschian,2351053
Coregonus_trybomi,2350963
Arenaria_ciliata,7756154
Artemisia_campestris,3121461
Lacerta_armeniaca,2468848
Lepus_corsicanus,2436789
Chalcides_chalcides,5225173
Coluber_laurenti,2458934
Lacerta_strigata,6159238
Iris_humilis,5298006
Ammotragus_lervia,2441005
Sorex_samniticus,2436103
Elaphe_dione,2458400
Eremias_velox,2468889
Eryx_miliaris,2465319
Lacerta_derjugini,2468781
Macrovipera_lebetina,2444716
Trapelus_sanguinolentus,5225915
Carabus_menetriesi,4470445
Acipenser_naccarii,2402193
Alburnus_albidus,2362920
Aphanius_fasciatus,2348104
Knipowitschia_panizzae,2375697
Leuciscus_lucumonis,4409613
Padogobius_nigricans,2375443
Phoxinus_percnurus,5207401
Pomatoschistus_canestrini,2379275
Romanichthys_valsanicola,2382017
Zingel_asper,2382117
Coregonus_fontanae,2351208
Coregonus_lucinensis,2351234
Acipenser_oxyrinchus,4287132
Hydromantes_italicus,4409475
Cyrtodactylus_caspius,2447957
Crocidura_osorio,2435661
Centrostephanus_longispinus,2279029
Onopordum_carduelinum,9579515
Atlantoxerus_getulus,2437470
Discula_leacockiana,5783346
Discula_turricula,5783345
Sideroxylon_marmulano,2886972
Discus_guerinianus,5781468
Ceropegia_chrysantha,3575875
Erica_scoparia,7328034
Euphorbia_lambii,3064111
Argyranthemum_pinnatifidum,3104500
Prunus_lusitanica,3020871
Coluber_algirus,2459011
Callosciurus_erythraeus,2437394
Callosciurus_finlaysonii,2437399
Coluber_nummifer,2459017
Elaphe_lineata,7413485
Eptesicus_bottae,2432346
Anguis_cephallonicus,2468091
Lacerta_bedriagae,2469460
Phyllodactylus_europaeus,2446612
Podarcis_perspicillata,2468695
Podarcis_wagleriana,2469261
Acomys_minous,2438264
Lepus_capensis,2436736
Corallium_rubrum,5185014
Holcus_setiglumis,4118478
Iberis_procumbens,5377204
Jasione_crispa,3165618
Macroprotodon_cucullatus,7881183
Dianthus_marizii,7373930
Dorycnium_pentaphyllum,2959128
Ononis_hackelii,2977271
Coluber_cypriensis,2457222
Coluber_jugularis,2457235
Euphrasia_genargentea,8958744
Herniaria_latifolia,7314268
Jonopsidium_savianum,8161486
Lacerta_graeca,2469380
Leucojum_nicaeense,2859353
Macaca_sylvanus,2436618
Meriones_tristrami,5219715
Muscari_gussonei,2769152
Ovis_gmelini,8364375
Ovis_orientalis,2441112
Aster_sorrentinii,5389288
Bufo_mauritanicus,5217132
Capra_hircus,2441056
Ovis_aries,2441110
Onosma_troodi,4067201
Axis_axis,2440934
Linum_muelleri,4048904
Murbeckiella_pinnatifida,3048749
Thymus_cephalotos,7307632
Thymus_villosus,7306547
Biscutella_vincentina,3041801
Centaurea_attica,3128000
Centaurea_vicentina,3127925
Crocidura_zimmermanni,2435665
Lacerta_anatolica,2469376
Lacerta_oertzeni,2469412
Rana_epeirotica,2426649
Stellio_stellio,2465555
Astragalus_macrocarpus,5345556
Petagnia_saniculifolia,5538631
Rana_bedriagae,2426642
Rana_bergeri,2426666
Rana_cerigensis,2426671
Rana_cretensis,2426673
Rana_hispanica,2426669
Rana_kurtmuelleri,2426652
Rana_shqiperica,2426639
Salamandra_corsica,2431779
Barbus_comiza,5206372
Barbus_euboicus,5739534
Barbus_graecus,5206382
Barbus_guiraonis,5207326
Barbus_macedonicus,5206966
Barbus_microcephalus,5206380
Alburnus_vistonicus,2362914
Barbus_pergamonensis,5207176
Barbus_prespensis,5739562
Barbus_sclateri,5739540
Barbus_sperchiensis,5207064
Barbus_steindachneri,8713186
Alburnus_volviticus,2363032
Chondrostoma_almacai,2367628
Chondrostoma_arrigonis,2359300
Chondrostoma_lusitanicum,2367629
Chondrostoma_turiense,2359301
Cobitis_arachthosensis,2368261
Cobitis_hellenica,2368189
Cobitis_meridionalis,2368173
Cobitis_ohridana,2368235
Cobitis_puncticulata,9227457
Cobitis_punctilineata,2368219
Cobitis_stephanidisi,2368194
Cobitis_strumicae,2368204
Cobitis_trichonica,2368176
Cobitis_vardarensis,4286856
Cobitis_vettonica,2368265
Cobitis_zanandreai,2368208
Alosa_macedonica,2412619
Alosa_vistonica,2412683
Cottus_petiti,2334155
Eudontomyzon_graecus,5962958
Eudontomyzon_hellenicus,2421314
Anaecypris_hispanica,2360380
Gobio_elimeius,4409622
Iberocypris_palaciosi,2365679
Ladigesocypris_ghigii,2363050
Leuciscus_keadicus,4409609
Aphanius_almiriensis,2348137
Aphanius_baeticus,2348094
Aphanius_iberus,2348049
Pelasgus_laconicus,2359834
Pelasgus_marathonicus,2359831
Pelasgus_stymphalicus,2359836
Pelasgus_thesproticus,2360990
Phoxinellus_epiroticus,2359844
Phoxinellus_prespensis,2359849
Rutilus_lemmingii,2367625
Rutilus_panosi,2359647
Rutilus_prespensis,2359676
Rutilus_ylikiensis,2359694
Sabanejewia_balcanica,2367872
Salmo_dentex,2351555
Salmo_farioides,4284018
Salmo_macedonicus,2351627
Salmo_pelagonicus,2351647
Salmo_peristericus,2351546
Scardinius_graecus,2362671
Silurus_aristotelis,2337628
Telestes_beoticus,2360998
Telestes_pleurobipunctatus,2363548
Tropidophoxinellus_hellenicus,2363389
Valencia_hispanica,5203914
Valencia_letourneuxi,5203912
Zingel_balcanicus,2382121
Barbus_carottae,5206929
Barbus_albanicus,5739561
Malcolmia_lacera,5373222
Centaurea_alba,3127567
Dianthus_cintranus,7267748
Diplotaxis_vicentina,5376327
Herniaria_lusitanica,3594326
Hydromantes_ambrosii,4409479
Hydromantes_flavus,4409476
Hydromantes_genei,9026448
Hydromantes_imperialis,4409478
Hydromantes_supramontis,4409477
Iberis_arbuscula,5377152
Kochia_saxicola,5568204
Limonium_dodartii,7298186
Micromeria_taygetea,5606046
Moehringia_fontqueri,3810540
Aquilegia_pyrenaica,3929874
Nepeta_dirphya,5610593
Armeria_pseudarmeria,4090162
Rhynchosinapis_erucastrum,3693678
Sideritis_incana,7307659
Wagenitzia_lancifolia,3128614
Paeonia_clusii,7316513
Dianthus_plumarius,3085412
Pulsatilla_pratensis,7277878
Dorcadion_fulvum,6268380
Polymixis_rufocincta,1781016
Acipenser_nudiventris,2402154
Alsophylax_pipiens,2444983
Phrynocephalus_helioscopus,2466398
Vipera_nikolskii,5960875
Gobio_belingi,4409621
Caseolus_sphaerula,4565681
Barbus_tyberinus,5206782
Barbus_waleckii,5739544
Narcissus_humilis,2858214
Sylvia_rueppelli,2492947
Bubo_scandiaca,6098970
Carduelis_cabaret,6098966
Carduelis_cannabina,2494708
Carduelis_chloris,2494642
Carduelis_flammea,2494622
Carduelis_flavirostris,2494752
Carduelis_hornemanni,2494732
Carduelis_spinus,2494701
Casmerodius_albus,2480950
Cyanopica_cyanus,7341881
Cygnus_columbianus,2498338
Dendrocopos_medius,2478026
Dendrocopos_minor,2477950
Falco_pelegrinoides,2481058
Francolinus_francolinus,5227919
Hippolais_caligata,2493215
Hippolais_pallida,2493216
Hirundo_daurica,5230782
Hirundo_rupestris,5739335
Larus_minutus,2481143
Melanitta_perspicillata,2498246
Miliaria_calandra,2491506
Oceanodroma_monteiroi,5788459
Parus_ater,7820681
Parus_caeruleus,8191482
Parus_cinctus,2487861
Parus_cristatus,8203973
Parus_lugubris,4409009
Parus_montanus,4409010
Parus_palustris,8126684
Phalacrocorax_pygmeus,2481888
Porphyrio_porphyrio,2474416
Pterodroma_feae,2481473
Puffinus_assimilis,5739275
Regulus_ignicapillus,2484602
Sterna_albifrons,5229215
Sterna_caspia,5229221
Sterna_fuscata,5229252
Sterna_nilotica,5229240
Sterna_sandvicensis,5229223
Streptopelia_senegalensis,2495659
Sturnus_roseus,2489102
Tetrao_tetrix,8379871
Nothothylas_orbicularis,8078388
Carabus_zawadszkii,4470816
Leptodirus_hochenwarti,4445665
Salmo_cetti,2351616
Thymelaea_broterana,5523670
Saxifraga_oslonsis,3753813
Senecio_jacobea,8263812
Telescopus_falax,2457466
Coluber_schmidtii,2457240
Lacerta_dugesi,2468700
Caseolus_commixta,4565683
Argyranthemum_thalassophylum,3104525
Phagnalon_benettii,3150065
Aeonium_gomeraense,4198135
Argyranthemum_winterii,3104470
Hyacinthoides_vicentina,5304273
Chaenorrhinum_serpyllifolium,7332405
Eumeces_schneiderii,9032472
Cynoglossum_troodi,7369150
Anarrhinum_longipedicelatum,3742430
Rubus_genevierii,2990686
Salix_salvifolia,8270750
Chondrostoma_willkommi,2360363
Salmo_louroensis,5961600
Eudontomyzon_spp.,10829770
Aquila_fasciatus,5844449
