name,id,target,shortfall
Acanthis_flammea,5231630,0,1
Acanthodactylus_erythrurus,5226733,638.3997242764183,0.7098183071470826
Accipiter_brevipes,2480578,10000,0
Accipiter_gentilis,2480589,10000,0
Accipiter_nisus,2480637,10000,0
Acrida_ungarica,1713668,0,1
Acrocephalus_agricola,2493137,1077.0363276174537,0.5104380329011574
Acrocephalus_arundinaceus,2493128,2419.2637205646943,0
Acrocephalus_dumetorum,2493145,10000,0
Acrocephalus_melanopogon,2493124,855.9919242413566,0.6109127617084743
Acrocephalus_paludicola,2493114,1186.6204522356018,0.46062706716563556
Acrocephalus_palustris,2493136,2509.253982787863,0
Acrocephalus_schoenobaenus,2493129,2509.896301023976,0
Acrocephalus_scirpaceus,2493118,2419.359378265805,0
Acrossus_luridus,1068608,0,1
Acrotylus_patruelis,5099085,0,1
Actitis_hypoleucos,2481800,7066.96894674098,0
Aegithalos_caudatus,2495000,10000,0
Aegolius_funereus,5739298,10000,0
Aegypius_monachus,5229165,10000,0
Aeshna_viridis,1425187,1677.435820406387,0.2375291725425514
Agathidium_pulchellum,5747828,5956.704341218733,0
Aix_galericulata,2498388,1275.7381203146554,0.4201190362206112
Aix_sponsa,2498387,1246.6536874468393,0.4333392329787094
Alauda_arvensis,8077224,10000,0
Alcedo_atthis,2475532,1275.3388502136088,0.4203005226301778
Alces_alces,2440940,10000,0
Aldrovanda_vesiculosa,3190715,598.81708330708,0.7278104166786
Alectoris_barbara,2474045,246.4428573316276,0.8879805193947147
Alectoris_chukar,2474029,1991.7230947098762,0.09467132058641989
Alectoris_graeca,2474055,1670.9669340406485,0.24046957543606884
Alectoris_rufa,2474051,3503.476816699747,0
Alestrus_dolosus,4428993,0,1
Algyroides_marchi,2469356,3596.0941681520717,0
Algyroides_moreoticus,2469367,3700.3446155280044,0
Algyroides_nigropunctatus,2469363,10000,0
Allecula_morio,4454940,0,1
Alopochen_aegyptiaca,2498252,1255.3764886797464,0.42937432332738795
Alytes_cisternasii,2426610,8347.227812237814,0
Alytes_dickhilleni,2426613,2880.891764237581,0
Alytes_obstetricans,2426612,10000,0
Amandava_amandava,2493698,8.687711365427822,0.9960510402884419
Ammoecius_elevatus,1069762,0,1
Ampedus_aethiops,5791554,0,1
Ampedus_cardinalis,4429444,0,1
Ampedus_hjorti,4429440,0,1
Ampedus_karpathicus,4429499,0,1
Anarrhinum_longipedicellatum,3742430,0,1
Anas_acuta,2498112,6177.997552798688,0
Anas_clypeata,2498089,2644.5932612511656,0
Anas_crecca,8214667,2644.5932612511656,0
Anas_penelope,2498111,3920.5923499509213,0
Anas_platyrhynchos,9761484,2644.5932612511656,0
Anas_querquedula,2498083,2509.904880228535,0
Anas_strepera,2498151,2644.484175992348,0
Andreiniimon_nuptialis,1692644,0,1
Angelica_heterocarpa,5928331,213.25022406436057,0.9030680799707452
Anguis_cephallonica,2468088,0,1
Anisus_vorticulus,4562143,779.4864644114778,0.6456879707220555
Anodonta_anatina,4559631,0,1
Anogcodes_fulvicollis,4458578,0,1
Anonconotus_alpinus,1683710,0,1
Anonconotus_italoaustriacus,1683715,0,1
Anser_albifrons,2498017,10000,0
Anser_anser,2498036,10000,0
Anser_brachyrhynchus,2498024,10000,0
Anser_erythropus,2498026,10000,0
Anser_fabalis,2498027,10000,0
Anser_indicus,2498035,0,1
Antaxius_hispanicus,1683921,0,1
Antaxius_pedestris,7043805,0,1
Antaxius_sorrezensis,1683918,0,1
Antaxius_spinibrachius,1683928,0,1
Anthocharis_euphenoides,1919698,0,1
Anthrenochernes_stellae,2127372,10000,0
Anthropoides_virgo,2474936,0,1
Anthus_berthelotii,2490270,709.4727027424692,0.6775124078443322
Anthus_campestris,2490274,3539.7333357927982,0
Anthus_cervinus,2490283,3421.48695848192,0
Anthus_petrosus,2490275,1558.5979882961415,0.2915463689562993
Anthus_pratensis,2490266,7437.205409434709,0
Anthus_spinoletta,2490255,8253.919620706989,0
Anthus_trivialis,2490246,10000,0
Apatura_metis,5131860,8150.315445529063,0
Apodemus_agrarius,2437761,10000,0
Apodemus_flavicollis,2437756,10000,0
Apodemus_sylvaticus,2437760,10000,0
Apus_apus,5228676,10000,0
Apus_caffer,5228644,508.8018854934119,0.7687264156848128
Apus_pallidus,5228695,2844.659768876506,0
Apus_unicolor,5228694,144.79369150686412,0.9341846856786982
Aquila_adalberti,2480510,2194.972806303169,0.0022850880440141324
Aquila_chrysaetos,2480506,2231.2955583514977,0
Aquila_clanga,2480509,10000,0
Aquila_fasciata,5844449,0,1
Aquila_heliaca,2480500,10000,0
Aquila_pomarina,2480505,10000,0
Aquilegia_alpina,3921499,10000,0
Aquilegia_bertolonii,3921309,4678.620046471121,0
Aradus_angularis,4485547,5661.502730132214,0
Arctophila_fulva,5290140,1382.17294820076,0.37173956899965455
Arcyptera_brevipennis,5098471,0,1
Arcyptera_tornosi,5098470,0,1
Ardea_alba,9752617,0,1
Ardea_cinerea,9797180,10000,0
Ardea_purpurea,2480934,2052.8296448698916,0.0668956159682311
Ardeola_ralloides,2480906,1038.2262192935318,0.5280789912302128
Arenaria_interpres,2481776,5773.291819421849,0
Aricia_morronensis,1933163,0,1
Artemisia_eriantha,4229609,975.4267147019931,0.556624220590003
Artemisia_pancicii,3121387,80.38303865639493,0.9634622551561841
Arvicola_sapidus,2438492,200.5380995968513,0.9088463183650676
Arvicola_scherman,4265186,0,1
Asio_flammeus,2497295,10000,0
Asio_otus,2497306,10000,0
Asplenium_adulterinum,2650652,1523.5044443469199,0.30749797984230914
Astacus_astacus,2226998,1935.1622524537347,0.12038079433921149
Astragalus_alopecurus,5344299,0,1
Atelerix_algirus,2437136,0,1
Athene_noctua,2497266,10000,0
Atropa_baetica,3802666,3587.6793694848993,0
Austropotamobius_pallipes,4312658,1065.9426834368721,0.5154805984377854
Aythya_ferina,2498255,2644.403994169381,0
Aythya_fuligula,2498261,4893.075998723986,0
Aythya_marila,2498265,3622.1732580838825,0
Aythya_nyroca,2498259,2546.868425896294,0
Barbastella_barbastellus,2432582,10000,0
Barbitistes_constrictus,1695048,0,1
Barbitistes_fischeri,1695061,0,1
Barbitistes_obtusus,1695064,0,1
Barbitistes_ocskayi,1695045,0,1
Barbitistes_serricauda,1695052,0,1
Barbitistes_yersini,1695059,0,1
Bison_bonasus,2441184,8130.463748539852,0
Bithynia_leachii,5778074,0,1
Blanus_cinereus,2473226,4079.2670049421417,0
Bombina_bombina,2423443,10000,0
Bombina_variegata,2423435,10000,0
Bombycilla_garrulus,2484605,10000,0
Boros_schneideri,4456155,10000,0
Botaurus_stellaris,2480910,3781.5760858839053,0
Bradyporus_dasypus,1691203,0,1
Branta_bernicla,5232446,829.8588665923775,0.622791424276192
Branta_canadensis,5232437,4723.495245568559,0
Branta_leucopsis,5232464,10000,0
Branta_ruficollis,5232451,3413.7918264238706,0
Bromus_grossus,2703659,5477.618204818736,0
Bruchia_vogesiaca,5281823,6788.9572720947235,0
Bubo_bubo,5959092,10000,0
Bubo_scandiacus,5959143,0,1
Bubulcus_ibis,2480830,4835.624586912175,0
Bucanetes_githagineus,2494394,3588.1547730901234,0
Bucephala_clangula,2498326,10000,0
Bufo_bufo,5217160,10000,0
Bufotes_balearicus,10779794,0,1
Bufotes_viridis,9529916,0,1
Burhinus_oedicnemus,2482100,10000,0
Buteo_lagopus,2480524,10000,0
Buteo_rufinus,2480564,3157.660011606376,0
Buxbaumia_viridis,2682851,10000,0
Calamagrostis_chalybaea,4124964,5661.502730132214,0
Calandrella_brachydactyla,2490681,10000,0
Calandrella_rufescens,2490682,2421.094704161787,0
Calcarius_lapponicus,2491678,3007.0142982692028,0
Caldesia_parnassifolia,5329163,278.8793981122784,0.8732366372216915
Calidris_alba,2481748,2383.2802037542688,0
Calidris_alpina,2481759,6941.084818397987,0
Calidris_canutus,2481765,2383.2802037542688,0
Calidris_ferruginea,2481741,2257.278714153051,0
Calidris_maritima,2481743,4996.740969381801,0
Calidris_minuta,2481749,3625.586034363811,0
Calidris_temminckii,2481740,5231.84050767898,0
Calliptamus_siciliae,1703332,0,1
Callosciurus_erythraeus,2437394,8850.42467616771,0
Calonectris_diomedea,2481521,652.6019818567358,0.7033627355196655
Calopteryx_xanthostoma,1427020,0,1
Calotriton_asper,2431824,0,1
Campanula_sabatia,5409803,230.97261293195336,0.8950124486672939
Canis_aureus,5219219,10000,0
Canis_lupus,5219173,10000,0
Capra_ibex,2441055,2276.2008175679825,0
Capra_pyrenaica,2441054,10000,0
Capreolus_capreolus,5220126,10000,0
Caprimulgus_europaeus,8109681,10000,0
Caprimulgus_ruficollis,9411857,5398.886306072487,0
Carduelis_carduelis,2494686,10000,0
Carduelis_citrinella,2494632,10000,0
Carduelis_corsicana,4408961,154.41956824240535,0.929809287162543
Carex_holostoma,2722344,1838.2090401147568,0.16445043631147419
Carpodacus_erythrinus,2494459,3646.24016656627,0
Castor_canadensis,2439838,10000,0
Castor_fiber,4409131,10000,0
Cecropis_daurica,9717283,0,1
Centaurea_pinnata,3127672,943.6178736540325,0.5710827847027126
Cephalozia_macounii,4276636,5661.502730132214,0
Cerambyx_cerdo,5820507,10000,0
Certhia_brachydactyla,7806848,10000,0
Certhia_familiaris,2487603,10000,0
Ceruchus_chrysomelinus,4425594,0,1
Cervus_nippon,2440954,10000,0
Cettia_cetti,2493012,966.2292093564391,0.5608049048379822
Chalcides_bedriagai,8974077,1453.9978055871554,0.339091906551293
Chalcides_chalcides,5225173,9152.873079726538,0
Chalcides_striatus,5225191,10000,0
Charadrius_alexandrinus,2480311,8318.150146924807,0
Charadrius_dubius,7937336,4180.479472328438,0
Charadrius_hiaticula,9566659,9516.77523540271,0
Charadrius_leschenaultii,2480297,176.11465601895452,0.9199478836277479
Charadrius_morinellus,2480281,0,1
Chen_caerulescens,2498165,0,1
Chen_canagica,2498162,0,1
Chersophilus_duponti,2490674,1017.0269193983675,0.5377150366371057
Chioglossa_lusitanica,2431938,10000,0
Chionomys_nivalis,2438162,2131.987035130258,0.030914984031700937
Chlidonias_hybrida,2481121,1967.6350529019544,0.10562043049911164
Chlidonias_leucopterus,2481120,2508.1515790052094,0
Chlidonias_niger,2481119,2505.4650586141743,0
Chlorophorus_glabromaculatus,1111924,0,1
Chorthippus_brunneus,1708459,0,1
Chorthippus_eisentrauti,1708162,0,1
Chorthippus_jacobsi,1708384,0,1
Chorthippus_saulcyi,4711891,0,1
Chroicocephalus_genei,6065810,0,1
Chroicocephalus_ridibundus,6065824,0,1
Chrysanthia_reitteri,4458552,0,1
Chrysolophus_amherstiae,5228033,9954.903519714651,0
Chrysolophus_pictus,5228034,169.35263603959382,0.9230215290729119
Ciconia_nigra,2481909,10000,0
Cinclus_cinclus,2495093,1256.772014932529,0.42873999321248685
Cinna_latifolia,2704845,8829.739003828845,0
Circaetus_gallicus,2480666,10000,0
Circus_aeruginosus,2480482,4846.323459994401,0
Circus_cyaneus,2480487,10000,0
Circus_macrourus,2480491,10000,0
Circus_pygargus,2480495,10000,0
Cisticola_juncidis,2492822,10000,0
Cixius_azopifajo,2059331,0,1
Clamator_glandarius,2496464,1480.7802885928659,0.32691805063960644
Clangula_hyemalis,2498273,1275.891416867695,0.4200493559692296
Clytus_lama,6265041,0,1
Clytus_tropicus,6265012,0,1
Coccothraustes_coccothraustes,2494329,10000,0
Coenagrion_caerulescens,1422016,0,1
Coenagrion_mercuriale,1422012,2744.0936955424218,0
Coenonympha_corinna,8328627,0,1
Coenonympha_gardetta,1911467,0,1
Coenonympha_hero,1911168,10000,0
Coenonympha_rhodopensis,1911107,0,1
Colias_myrmidone,5137708,10000,0
Colias_phicomone,5137695,0,1
Columba_livia,2495414,4476.227108166477,0
Cophopodisma_pyrenaea,1705589,0,1
Coracias_garrulus,2475365,10000,0
Corbicula_fluminalis,5189032,0,1
Corbicula_fluminea,8190231,0,1
Cordulegaster_bidentata,1421193,0,1
Cordulegaster_helladica,1421209,0,1
Coronella_austriaca,5959617,10000,0
Coronella_girondica,5959645,6939.617214659076,0
Corvus_corone,9409796,10000,0
Corvus_frugilegus,2482513,10000,0
Coturnix_coturnix,2474156,10000,0
Crambe_tataria,5373485,142.59999882378727,0.9351818187164603
Crepidophorus_mutilatus,4428456,0,1
Crepis_pusilla,5403341,198.0694507928908,0.9099684314577768
Crex_crex,4408498,10000,0
Cricetus_cricetus,2438704,7614.696765923506,0
Crocidura_canariensis,2435551,29.076402476978302,0.9867834534195553
Crocidura_leucodon,2435723,10000,0
Crocidura_suaveolens,2435687,10000,0
Crocus_etruscus,2747813,10000,0
Cucujus_cinnaberinus,4451511,10000,0
Cuculus_canorus,5231918,10000,0
Cupido_lorquinii,1926166,0,1
Cyanistes_caeruleus,2487879,0,1
Cyanistes_teneriffae,7341849,0,1
Cyanopica_cooki,5844936,0,1
Cygnus_atratus,2498344,1275.3442649547435,0.4202980613842075
Cygnus_cygnus,2498347,10000,0
Cygnus_olor,2498343,2644.5130794281986,0
Cypripedium_calceolus,2820517,10000,0
Cystophora_cristata,5219378,0,1
Dalmatolacerta_oxycephala,5789555,0,1
Dama_dama,5220136,10000,0
Delichon_urbicum,2489214,4476.227108166477,0
Dendrocopos_leucotos,2477927,10000,0
Dendrocoptes_medius,8773033,0,1
Dichelyma_capillaceum,2678770,10000,0
Dicranum_viride,2675421,10000,0
Diplazium_sibiricum,7289166,7431.327921565706,0
Discoglossus_galganoi,2426616,1769.0755057019578,0.19587477013547372
Dolichophis_caspius,2457224,0,1
Dolichopoda_azami,1729305,0,1
Doronicum_plantagineum,8340385,10000,0
Dracocephalum_austriacum,3903269,7501.690066581086,0
Dreissena_polymorpha,2287072,0,1
Dryobates_minor,9015784,0,1
Dryocopus_martius,2477872,10000,0
Dryomys_nitedula,2439688,10000,0
Dugastella_valentina,4417566,0,1
Dytiscus_latissimus,4470292,2633.3231629812803,0
Elanus_caeruleus,2480372,1618.9281355763837,0.2641235747380074
Elaphe_quatuorlineata,9197691,10000,0
Eleocharis_carniolica,2717871,6288.405389172183,0
Eliomys_quercinus,2439683,10000,0
Emberiza_caesia,2491490,215.8367608582847,0.9018923814280525
Emberiza_calandra,7634625,0,1
Emberiza_cia,2491498,1884.7845629196443,0.14327974412743444
Emberiza_cineracea,2491469,51.70351478660106,0.9764984023697268
Emberiza_cirlus,7626513,10000,0
Emberiza_citrinella,2491534,10000,0
Emberiza_hortulana,2491482,10000,0
Emberiza_melanocephala,9613112,10000,0
Emberiza_pusilla,2491544,10000,0
Emberiza_rustica,2491582,10000,0
Emberiza_schoeniclus,2491557,2509.253982787863,0
Emys_orbicularis,8909809,10000,0
Encalypta_mutica,5280170,1102.589418322821,0.49882299167144495
Ephippiger_discoidalis,1684041,0,1
Ephippiger_diurnus,8356077,0,1
Ephippiger_ephippiger,1684006,0,1
Ephippiger_terrestris,1684059,0,1
Epidalea_calamita,2422507,0,1
Epipodisma_pedemontana,1705703,0,1
Eptesicus_nilssonii,7261816,10000,0
Eptesicus_serotinus,2432359,10000,0
Erebia_alberganus,7802074,0,1
Erebia_cassioides,5134796,0,1
Erebia_claudina,5134971,0,1
Erebia_epiphron,8167638,0,1
Erebia_gorge,5134728,0,1
Erebia_gorgone,5134607,0,1
Erebia_hispania,5135090,0,1
Erebia_manto,5134815,0,1
Erebia_melampus,8101931,0,1
Erebia_melas,5134775,0,1
Erebia_meolans,7791558,0,1
Erebia_neoridas,5134804,0,1
Erebia_oeme,7791190,0,1
Erebia_palarica,5134583,0,1
Erebia_pharte,5135367,0,1
Erebia_pronoe,5134906,0,1
Erebia_rondoui,5134843,0,1
Erebia_styx,5135087,0,1
Erebia_sudetica,5134808,10000,0
Erebia_tyndarus,8233062,0,1
Erebia_zapateri,5134621,0,1
Eremophila_alpestris,9415596,3779.4719779383227,0
Erignathus_barbatus,2434816,0,1
Erinaceus_concolor,5219624,10000,0
Erinaceus_europaeus,5219616,10000,0
Eryngium_alpinum,3633778,10000,0
Eryngium_viviparum,3641026,1082.8140429195694,0.507811798672923
Erythropygia_galactotes,5788860,8862.38970005739,0
Eryx_jaculus,9595248,1277.0299361099414,0.4195318472227539
Esymus_pusillus,1068391,0,1
Euchorthippus_chopardi,1699466,0,1
Euchorthippus_declivus,1699474,0,1
Euchorthippus_elegantulus,1699491,0,1
Eugryllodes_escalerae,1716609,0,1
Eugryllodes_pipiens,1716590,0,1
Eumigus_ayresi,1698146,0,1
Eumodicogryllus_bordigalensis,1722140,0,1
Eupholidoptera_chabrieri,1690276,0,1
Eupholidoptera_garganica,5976819,0,1
Eupholidoptera_megastyla,1690287,0,1
Eupholidoptera_schmidti,5976815,0,1
Euphorbia_nevadensis,3066236,1217.032829148691,0.4468032594778677
Euphorbia_transtagana,3068150,1926.9137537178678,0.1241301119464237
Euphydryas_aurinia,4535809,10000,0
Euphydryas_cynthia,7516869,0,1
Euphydryas_maturna,4535817,0,1
Euplagia_quadripunctaria,4532532,0,1
Euproctus_montanus,2431940,134.84190535536857,0.9387082248384688
Euryparyphes_terrulentus,1697572,0,1
Evodinus_clathratus,1100299,0,1
Falco_cherrug,2481034,4846.074662956764,0
Falco_columbarius,9813242,10000,0
Falco_naumanni,9584698,3577.117416820027,0
Falco_peregrinus,2481047,10000,0
Falco_rusticolus,8069880,3003.635355172091,0
Falco_subbuteo,2481035,10000,0
Falco_tinnunculus,9616058,10000,0
Falco_vespertinus,2481062,10000,0
Felis_silvestris,7964291,10000,0
Festuca_duriotagana,4125030,306.9012019427426,0.8604994536623898
Festuca_summilusitana,4113010,641.5142189821795,0.708402627735373
Ficedula_albicollis,2492601,10000,0
Ficedula_hypoleuca,2492606,10000,0
Ficedula_parva,2492605,10000,0
Ficedula_semitorquata,2492608,8424.92676791746,0
Fratercula_arctica,2481353,1859.8974559489905,0.1545920654777316
Fringilla_coelebs,2494422,10000,0
Fringilla_montifringilla,2494441,10000,0
Galemys_pyrenaicus,5219516,183.9704263861008,0.9163770789154088
Galerida_cristata,2490669,10000,0
Galerida_theklae,9330514,5107.142043133754,0
Galium_viridiflorum,2913980,155.22688748634755,0.929442323869842
Gallinago_media,2481831,985.9689949923217,0.5518322750034901
Gallinula_chloropus,5228199,5019.6012866457295,0
Gallotia_galloti,8682680,45.502477180594205,0.9793170558270026
Gampsocleis_glabra,1694547,0,1
Garrulus_glandarius,5229493,10000,0
Gavia_adamsii,2481957,1133.0828598203934,0.4849623364452757
Gavia_arctica,2481959,1276.0051739585733,0.4199976482006485
Gavia_immer,2481962,0,1
Gavia_stellata,2481958,2506.749580479238,0
Gelochelidon_nilotica,2481263,0,1
Genetta_genetta,5219362,10000,0
Gentiana_ligustica,3838874,5315.493151955718,0
Gentianella_bohemica,3844100,5828.204322962909,0
Gladiolus_palustris,2750279,10000,0
Glareola_nordmanni,2480758,1519.5075140572726,0.30931476633760335
Glareola_pratincola,2480757,3307.0847238227034,0
Glaucidium_passerinum,5232162,10000,0
Glis_glis,5706486,0,1
Gomphus_graslinii,5051921,4353.943677502147,0
Gomphus_pulchellus,5051947,0,1
Gonepteryx_cleobule,4535271,0,1
Graphoderus_bilineatus,4470279,3551.2076115148893,0
Grus_grus,2474950,10000,0
Gryllotalpa_vineae,1716142,0,1
Grynocharis_oblonga,4449458,0,1
Gulo_gulo,5219073,10000,0
Gypaetus_barbatus,2480649,1582.6299748630584,0.2806227386986098
Gyps_fulvus,2480389,747.5507532303288,0.6602042030771232
Halichoerus_grypus,2434806,79.82777022006064,0.9637146498999724
Hamatocaulis_lapponicus,9213010,746.8481292400137,0.6605235776181756
Hamatocaulis_vernicosus,2681714,0,1
Helianthemum_alypoides,3595627,202.32712362362966,0.9080331256256229
Helix_pomatia,2294287,10000,0
Hellenolacerta_graeca,5789567,0,1
Hemorrhois_hippocrepis,2459023,0,1
Herpestes_ichneumon,2434255,5358.390769768879,0
Herzogiella_turfacea,2681914,7755.290950820154,0
Hieraaetus_pennatus,2480685,10000,0
Hierophis_gemonensis,2458928,0,1
Hierophis_viridiflavus,2458916,0,1
Himantoglossum_adriaticum,5324944,10000,0
Himantopus_himantopus,5229126,6671.28213604064,0
Hipparchia_fagi,7832439,0,1
Hipparchia_semele,8176911,0,1
Hippolais_icterina,2493220,10000,0
Hippolais_polyglotta,2493214,10000,0
Hippuris_tetraphylla,7939048,9.464049786300956,0.9956981591880449
Hirundo_rustica,9515886,10000,0
Hydrocoloeus_minutus,6065841,0,1
Hydropotes_inermis,2440931,4255.940502114511,0
Hydroprogne_caspia,2481236,0,1
Hygrohypnum_montanum,2681567,2508.4392468755395,0
Hyla_arborea,2427573,10000,0
Hyla_intermedia,2427598,4262.587870957504,0
Hyla_meridionalis,2427555,10000,0
Hyla_molleri,2427580,0,1
Hylis_cariniceps,4431059,0,1
Hylis_procerulus,4431056,0,1
Hypsugo_savii,7261861,0,1
Hystrix_cristata,5219888,9047.881578973755,0
Iberolacerta_horvathi,2468506,0,1
Ichthyaetus_audouinii,7406504,0,1
Ichthyaetus_ichthyaetus,8028588,0,1
Ichthyaetus_melanocephalus,8151548,0,1
Ichthyosaura_alpestris,2431783,0,1
Iduna_caligata,5739359,0,1
Iduna_opaca,5739355,0,1
Iduna_pallida,5739361,0,1
Isophya_costata,1684375,1820.2384976114452,0.1726188647220704
Isophya_kraussii,1684314,0,1
Isophya_pyrenaea,1684335,0,1
Isophya_speciosa,1684269,0,1
Ixobrychus_minutus,2480850,2348.852366656742,0
Jasione_maritima,3165764,0,1
Jynx_torquilla,8012314,10000,0
Klasea_lycopifolia,3091224,0,1
Kurtharzia_nugatoria,1698287,0,1
Lacerta_agilis,6159223,10000,0
Lacerta_bilineata,6159243,10000,0
Lacerta_schreiberi,6159196,8781.537545617373,0
Lacerta_trilineata,6159197,2554.860548620803,0
Lacerta_viridis,6159273,10000,0
Laeosopis_roboris,1922197,0,1
Lanius_collurio,7745240,10000,0
Lanius_excubitor,9444556,10000,0
Lanius_meridionalis,7341500,0,1
Lanius_nubicus,2492855,10000,0
Lanius_senator,2492867,10000,0
Larus_argentatus,2481139,3516.395680023775,0
Larus_cachinnans,2481181,1256.0135206698335,0.4290847633318939
Larus_canus,7982160,4758.387617701355,0
Larus_fuscus,2481174,3659.7069061984976,0
Larus_michahellis,9413670,3649.5348194905605,0
Leiothrix_lutea,5231398,313.93462724654006,0.8573024421606636
Lemmus_lemmus,5219840,1926.6470209599204,0.1242513541091271
Leontodon_boryi,3137527,124.63775749890655,0.9433464738641334
Leptidea_morsei,5137908,7134.219815250628,0
Leptidea_reali,5137915,0,1
Leptophyes_boscii,1688029,0,1
Leptophyes_laticauda,1688014,0,1
Leptophyes_punctatissima,1688020,0,1
Lepus_capensis,2436736,7417.486278008915,0
Lepus_europaeus,7952072,10000,0
Lepus_granatensis,2436790,10000,0
Lepus_timidus,2436756,10000,0
Leucorrhinia_albifrons,1429199,10000,0
Leucorrhinia_caudalis,1429178,10000,0
Leucorrhinia_pectoralis,1429194,10000,0
Ligularia_sibirica,6445722,10000,0
Lilium_pomponium,7976992,0,1
Limicola_falcinellus,2481780,1165.8349719121009,0.4700750127672269
Limoniscus_violaceus,4428477,7687.7675220134315,0
Limosa_lapponica,2481681,7424.430858594939,0
Linaria_flavirostris,7668711,0,1
Liparis_loeselii,5323092,2427.4402054369725,0
Lissotriton_boscai,5218408,0,1
Lissotriton_helveticus,5218410,0,1
Lissotriton_italicus,5218406,0,1
Lissotriton_montandoni,5218409,0,1
Lissotriton_vulgaris,5218405,0,1
Lithoglyphus_naticoides,5777912,0,1
Lithophaga_lithophaga,4374632,33.03169375422895,0.9849855937480778
Locustella_fluviatilis,2493549,2505.2183637902654,0
Locustella_luscinioides,2493551,2418.730487587399,0
Lophophanes_cristatus,2487883,0,1
Lopinga_achine,4535614,10000,0
Loxia_curvirostra,9629160,10000,0
Loxia_leucoptera,8144830,10000,0
Loxia_pytyopsittacus,2494154,10000,0
Loxia_scotica,2494177,165.37268040090203,0.9248305998177718
Lucanus_barbarossa,5743115,0,1
Lucanus_cervus,5743122,10000,0
Lucanus_tetraodon,5743116,0,1
Lullula_arborea,2490604,10000,0
Luronium_natans,2864775,1258.6674973454365,0.4278784102975289
Luscinia_luscinia,2492542,10000,0
Luscinia_megarhynchos,7660710,10000,0
Luscinia_svecica,4408732,7067.232816989743,0
Lutra_lutra,2433753,10000,0
Lycaena_bleusei,5792092,0,1
Lycaena_dispar,1929270,10000,0
Lycaena_helle,7417698,10000,0
Lymnocryptes_minimus,2481835,3743.2164801302174,0
Lynx_lynx,2435240,10000,0
Lyrurus_tetrix,2473682,0,1
Lythrum_flexuosum,3988992,1296.8082189592726,0.4105417186548761
Macroprotodon_brevis,2455958,0,1
Macroprotodon_cucullatus,7881183,2564.907097810319,0
Macropus_rufogriseus,2440196,3621.7492024297076,0
Mandragora_officinarum,5341748,3495.4205697662323,0
Margaritifera_margaritifera,7911174,1150.5723737343244,0.4770125573934889
Marmaronetta_angustirostris,2498390,696.0119349270269,0.6836309386695332
Marsilea_strigosa,5613324,92.53116110072361,0.9579403813178529
Marsupella_profunda,5793132,2132.227982349067,0.03080546256860585
Martes_foina,5218887,10000,0
Martes_martes,5218878,10000,0
Mauremys_leprosa,2443341,290.0384120534629,0.8681643581575168
Mauremys_rivulata,2443384,0,1
Meconema_meridionale,1690429,0,1
Meconema_thalassinum,1690432,0,1
Mediodactylus_kotschyi,2447858,0,1
Meesia_longiseta,5282427,2451.0931523828312,0
Melanargia_arge,1916347,2822.8246960202737,0
Melanargia_lachesis,1916458,0,1
Melanitta_fusca,2498238,6937.3832863084635,0
Melanitta_nigra,2498247,1275.891416867695,0.4200493559692296
Melanopsis_tricarinata,7895335,0,1
Meles_meles,2433875,10000,0
Melilotus_segetalis,2971032,9.018854325751215,0.9959005207610221
Melitaea_parthenoides,5792087,0,1
Melitaea_varia,5792086,0,1
Mergellus_albellus,2498285,2679.455238480121,0
Mergus_merganser,9537647,3460.3379162995016,0
Mergus_serrator,2498375,4800.808170648785,0
Metaplastes_pulchripennis,1687739,0,1
Metrioptera_saussuriana,1685554,0,1
Microcarbo_pygmaeus,10095118,0,1
Micromys_minutus,5219833,10000,0
Micropodisma_salamandra,1710505,0,1
Microrhagus_lepidus,5744321,0,1
Microrhagus_pygmaeus,5744319,0,1
Microtus_agrestis,2438616,10000,0
Microtus_arvalis,2438606,10000,0
Microtus_cabrerae,2438668,1296.8082189592726,0.4105417186548761
Microtus_duodecimcostatus,2438619,8695.979989148744,0
Microtus_gerbei,2438662,6409.32270265135,0
Microtus_lusitanicus,2438669,7958.017797046042,0
Microtus_subterraneus,2438660,10000,0
Milvus_migrans,5229167,10000,0
Milvus_milvus,5229168,10000,0
Miniopterus_schreibersii,9796816,10000,0
Miramella_alpina,1704195,0,1
Miramella_irena,1704187,0,1
Moehringia_lateriflora,3085371,6421.606702955697,0
Monochamus_sartor,1156052,0,1
Monticola_saxatilis,2490956,2187.5230615987725,0.0056713356369215775
Monticola_solitarius,2490955,564.7802505355426,0.7432817043020261
Montifringilla_nivalis,2492371,1479.912111325115,0.3273126766704023
Motacilla_alba,9687165,6990.209486085143,0
Motacilla_cinerea,2490310,2552.3109253287985,0
Motacilla_citreola,2490307,1163.1361044606715,0.47130177069969476
Motacilla_flava,9701857,3702.5748432309842,0
Muntiacus_reevesi,2440946,5323.021433318823,0
Murbeckiella_sousae,3048748,13.907850612519681,0.9936782497215819
Mus_musculus,7429082,10000,0
Mus_spicilegus,2438805,6041.435394938916,0
Mus_spretus,2438793,10000,0
Muscardinus_avellanarius,2439658,10000,0
Muscicapa_striata,2492576,10000,0
Musculium_lacustre,2286717,0,1
Musculium_transversum,2286719,0,1
Mustela_erminea,5219019,10000,0
Mustela_lutreola,5219007,10000,0
Mustela_putorius,5218911,10000,0
Mustela_vison,5218823,10000,0
Mycetochara_obscura,8246804,0,1
Mycetophagus_quadripustulatus,4458735,0,1
Myiopsitta_monachus,2479407,1629.7422448771038,0.2592080705104074
Myocastor_coypus,4264680,1542.8947572283537,0.29868420125983924
Myopus_schisticolor,2439358,8493.159975728062,0
Myosotella_myosotis,2297460,0,1
Myosotis_rehsteineri,7930390,168.35204867808298,0.9234763415099623
Myotis_alcathoe,4266346,10000,0
Myotis_bechsteinii,2432427,10000,0
Myotis_blythii,2432414,10000,0
Myotis_brandtii,7261875,10000,0
Myotis_dasycneme,2432452,10000,0
Myotis_daubentonii,2432439,10000,0
Myotis_emarginatus,2432470,10000,0
Myotis_escalerai,8181305,0,1
Myotis_myotis,2432416,10000,0
Mytilopsis_leucophaeata,2287076,0,1
Myxas_glutinosa,4562072,0,1
Narcissus_assoanus,2859233,0,1
Narcissus_bulbocodium,2858846,10000,0
Narcissus_calcicola,2858644,1997.3683095795125,0.09210531382749433
Narcissus_cavanillesii,2858209,0,1
Narcissus_cyclamineus,2858654,8527.316164868715,0
Narcissus_nevadensis,2858662,1296.8082189592726,0.4105417186548761
Natrix_maura,6161340,575.2837893526987,0.738507368476046
Natrix_tessellata,6161327,10000,0
Neomys_anomalus,7825895,10000,0
Neomys_fodiens,2435767,10000,0
Neophron_percnopterus,2480696,1680.9110823600836,0.23594950801814382
Numenius_arquata,2481792,10000,0
Numenius_phaeopus,2481784,10000,0
Numenius_tenuirostris,2481789,92.4270920994781,0.9579876854093281
Nyctalus_lasiopterus,5218525,10000,0
Nyctalus_leisleri,5218522,10000,0
Nyctereutes_procyonoides,2434552,10000,0
Nycticorax_nycticorax,2480863,10000,0
Odocoileus_virginianus,2440965,10000,0
Odontopodisma_decipiens,1710224,0,1
Odontura_macphersoni,5096159,0,1
Oedipoda_charpentieri,1700323,0,1
Oedipoda_coerulea,1700344,0,1
Oedipoda_germanica,7043926,0,1
Oenanthe_hispanica,5231235,2236.476465194282,0
Oenanthe_isabellina,5231245,1997.5654481503516,0.09201570538620382
Oenanthe_oenanthe,5231240,10000,0
Oenanthe_pleschanka,5231233,570.3895900712408,0.7407320045130723
Oeneis_glacialis,5128297,0,1
Omocestus_panteli,1710752,0,1
Omphiscola_glabra,4562066,0,1
Ondatra_zibethicus,5219858,2153.192593884693,0.02127609368877591
Onthophagus_nuchicornis,1091565,0,1
Onthophagus_vacca,1091181,0,1
Onychogomphus_costae,1426284,0,1
Ophiogomphus_cecilia,1426058,10000,0
Oriolus_oriolus,2488949,10000,0
Oryctolagus_cuniculus,2436940,10000,0
Osmoderma_eremita,1079588,10000,0
Otis_tarda,2474921,10000,0
Otus_scops,2497701,10000,0
Ovibos_moschatus,2441108,6768.359741686986,0
Oxygastra_curtisii,1430236,9369.192089709593,0
Oxyura_jamaicensis,2498305,1272.5913312236346,0.4215493948983479
Pachytrachis_gracilis,1688490,0,1
Pachytrachis_striolatus,1688486,0,1
Pacifastacus_leniusculus,2226990,0,1
Pandion_haliaetus,2480726,10000,0
Panurus_biarmicus,2493367,1964.6844961125857,0.10696159267609738
Papilio_alexanor,1938131,3409.5732871519062,0
Paracaloptenus_bolivari,1702615,0,1
Paracaloptenus_caloptenoides,1702607,10000,0
Paracorymbia_hybrida,1143998,0,1
Parnassius_apollo,1938810,10000,0
Parnassius_mnemosyne,1938520,10000,0
Parus_major,9705453,10000,0
Passer_domesticus,5231190,10000,0
Passer_hispaniolensis,5231209,10000,0
Passer_italiae,8426551,0,1
Passer_montanus,5231198,10000,0
Pastor_roseus,5845386,0,1
Pavo_cristatus,9451184,10000,0
Pedostrangalia_revestita,1102048,0,1
Pelecanus_crispus,2480353,1207.745350677684,0.45102484060105275
Pelecanus_onocrotalus,2480350,3416.1264740588736,0
Pelobates_cultripes,2430565,6630.758214011235,0
Pelobates_syriacus,2430566,6758.388075109184,0
Pelodytes_atlanticus,9391920,0,1
Pelodytes_ibericus,2424292,0,1
Pelodytes_punctatus,2424293,10000,0
Pelophylax_bedriagae,2426640,0,1
Pelophylax_bergeri,2426665,0,1
Pelophylax_cerigensis,2426670,0,1
Pelophylax_kurtmuelleri,2426650,0,1
Pelophylax_lessonae,2426654,0,1
Pelophylax_perezi,2426658,0,1
Pelophylax_ridibundus,2426661,0,1
Perdix_perdix,2473958,10000,0
Periparus_ater,2487871,0,1
Perisoreus_infaustus,2482449,10000,0
Pernis_apivorus,2480420,10000,0
Persicaria_foliosa,4035833,862.4780423465371,0.6079645262061194
Petaloptila_aliena,1723410,0,1
Petronia_petronia,2492350,585.2635661895894,0.7339711062774594
Phalacrocorax_carbo,2481890,6178.12714480995,0
Phalaropus_lobatus,5739290,2509.5725378788393,0
Phasianus_colchicus,9752149,10000,0
Philomachus_pugnax,5229387,5917.338339973134,0
Phoca_vitulina,2434793,79.03376895052939,0.9640755595679411
Phoenicopterus_roseus,4352332,643.9436728392095,0.707298330527632
Phoenicurus_ochruros,5739315,10000,0
Phoenicurus_phoenicurus,5739317,10000,0
Pholidoptera_aptera,1695282,0,1
Pholidoptera_littoralis,1695283,0,1
Pholidoptera_transsylvanica,1695277,5174.332677541119,0
Phryganophilus_ruficollis,4453682,10000,0
Phylloscopus_bonelli,2493070,10000,0
Phylloscopus_borealis,2493071,10000,0
Phylloscopus_canariensis,7341593,16.83356441476345,0.9923483798114713
Phylloscopus_collybita,2493091,10000,0
Phylloscopus_ibericus,7341585,10000,0
Phylloscopus_orientalis,4408827,0,1
Phylloscopus_sibillatrix,8128385,0,1
Phylloscopus_trochiloides,2493084,10000,0
Phylloscopus_trochilus,2493052,10000,0
Physa_fontinalis,7568032,0,1
Physoplexis_comosa,3161912,464.6702213094093,0.7887862630411776
Pica_pica,5229490,2211.0467633127478,0
Picoides_tridactylus,2477804,10000,0
Picus_canus,2478548,10000,0
Picus_viridis,2478523,10000,0
Pidonia_lurida,8096366,0,1
Pinguicula_crystallina,8058554,531.0508123826236,0.7586132670988075
Pinicola_enucleator,2494771,10000,0
Pipistrellus_kuhlii,5218464,10000,0
Pipistrellus_nathusii,5218471,10000,0
Pipistrellus_pipistrellus,5218465,10000,0
Pipistrellus_pygmaeus,5707150,10000,0
Pisidium_obtusale,4559693,0,1
Pisidium_pseudosphaerium,10003885,0,1
Planorbarius_corneus,2290946,0,1
Planorbis_planorbis,8298325,0,1
Platalea_leucorodia,2480801,2076.2542884200752,0.056248050718147626
Platyceps_najadum,5223135,0,1
Platycerus_spinifer,5743103,0,1
Platycnemis_acutipennis,1423891,0,1
Platycnemis_latipes,1423875,0,1
Plecotus_auritus,5218507,10000,0
Plecotus_macrobullaris,5787719,1897.933273384296,0.13730305755259276
Plegadis_falcinellus,2480773,1489.7558118727775,0.3228382673305557
Pleurodeles_waltl,2431875,5310.980851963055,0
Pluvialis_apricaria,2480332,10000,0
Pluvialis_squatarola,2480327,2248.5424125433447,0
Podarcis_carbonelli,9206534,0,1
Podarcis_erhardii,2469075,2493.0311002605163,0
Podarcis_hispanicus,9019391,0,1
Podarcis_liolepis,7444957,0,1
Podarcis_melisellensis,2468999,5848.105072356357,0
Podarcis_muralis,2469188,10000,0
Podarcis_peloponnesiacus,2469022,0,1
Podarcis_siculus,9185677,0,1
Podarcis_tauricus,2469065,0,1
Podiceps_auritus,2482059,4053.77540038154,0
Podiceps_cristatus,2482054,2551.987593427152,0
Podiceps_grisegena,2482051,2643.432962384727,0
Podiceps_nigricollis,2482065,2548.1000850596256,0
Podisma_dechambrei,7413434,0,1
Poecile_cinctus,2487862,0,1
Poecile_lugubris,2487857,0,1
Poecile_montanus,2487866,0,1
Poecile_palustris,2487843,0,1
Poecilimon_jonicus,7197514,0,1
Poecilimon_macedonicus,1688270,0,1
Poecilimon_thoracicus,1688093,0,1
Poecilimon_veluchianus,1688301,0,1
Polyommatus_albicans,8125861,0,1
Polyommatus_aroaniensis,5772746,0,1
Polyommatus_coridon,5772714,0,1
Polyommatus_dolus,5772730,0,1
Polyommatus_fabressei,5772749,0,1
Polyommatus_fulgens,5772736,0,1
Polyommatus_nivescens,5772702,0,1
Polysarcus_denticauda,1687559,0,1
Polysticta_stelleri,5232431,0,1
Porzana_parva,2474627,1694.1891860802195,0.22991400632717293
Porzana_porzana,2474621,2419.2502930069872,0
Porzana_pusilla,2474628,1814.1508544480557,0.17538597525088376
Potamopyrgus_antipodarum,5192470,0,1
Primula_glaucescens,5640340,399.3785111431844,0.8184643131167344
Primula_nutans,5414318,853.2393044008852,0.6121639525450522
Primula_scandinavica,7933553,1141.8908949308045,0.4809586841223616
Prionotropis_hystrix,5098052,0,1
Procambarus_clarkii,2227300,0,1
Procyon_lotor,5218786,10000,0
Proserpinus_proserpina,1864161,10000,0
Proterebia_afra,4535689,0,1
Proteus_anguinus,2432042,522.5892143326424,0.7624594480306172
Prunella_modularis,5231763,10000,0
Prunus_azorica,3023426,0,1
Psammodromus_algirus,2469763,7484.390892727844,0
Psammodromus_hispanicus,7917188,6165.238530521648,0
Pseudanodonta_complanata,4559545,0,1
Pseudophilotes_baton,1922584,0,1
Pseudophilotes_bavius,4535092,5474.757739615905,0
Pseudophilotes_panoptes,8311653,0,1
Pseudosphegesthes_cinerea,9627326,0,1
Pseudunio_auricularius,5782525,0,1
Psittacula_krameri,2479226,2203.113127441308,0
Pterocles_alchata,2480204,690.2293486885554,0.6862593869597475
Pteromys_volans,2437258,5956.704341218733,0
Ptyonoprogne_rupestris,4408796,0,1
Puffinus_gravis,5229343,0,1
Puffinus_yelkouan,5229377,537.3958294177405,0.7557291684464816
Pulsatilla_grandis,7277986,10000,0
Pulsatilla_patens,3033623,10000,0
Pusa_hispida,5219369,0,1
Pyrgus_andromedae,1949852,0,1
Pyrgus_cacaliae,7683096,0,1
Pyrgus_carlinae,1949715,0,1
Pyrgus_cirsii,7997589,0,1
Pyrgus_malvoides,1949938,0,1
Pyrrhocorax_graculus,2482553,557.0839264759809,0.7467800334200086
Pyrrhocorax_pyrrhocorax,2482552,1250.3160839267418,0.4316745073060264
Pyrrhula_pyrrhula,2494543,10000,0
Pytho_kolwensis,4457579,9377.871169243967,0
Rallus_aquaticus,2474831,5018.726136093362,0
Rana_arvalis,2426789,10000,0
Rana_dalmatina,2426760,10000,0
Rana_graeca,2426795,10000,0
Rana_iberica,2426774,106.92153757652865,0.9513993011015778
Rana_italica,2426815,4022.473095710506,0
Rana_pyrenaica,2426793,2709.8919684428824,0
Rana_temporaria,2426805,10000,0
Rangifer_tarandus,5220114,10000,0
Rattus_norvegicus,2439261,10000,0
Rattus_rattus,2439270,10000,0
Recurvirostra_avosetta,2480259,4879.970248061719,0
Regulus_regulus,2484596,10000,0
Remiz_pendulinus,2487385,1967.6350529019544,0.10562043049911164
Rhacocleis_poneli,1694201,0,1
Rhinolophus_blasii,2432666,5322.4268658289675,0
Rhinolophus_euryale,2432621,10000,0
Rhinolophus_ferrumequinum,2432655,10000,0
Rhinolophus_hipposideros,2432614,10000,0
Rhinolophus_mehelyi,2432667,10000,0
Rhododendron_luteum,7135755,9913.800370533545,0
Riella_helicophylla,2688657,48.3684442851685,0.9780143435067415
Ropalopus_femoratus,8124081,0,1
Rosalia_alpina,7569075,8748.563841970352,0
Rupicapra_rupicapra,5220170,10000,0
Saga_hellenica,1683940,0,1
Saga_pedo,1683952,10000,0
Salamandra_atra,2431781,9618.418011012262,0
Salamandra_salamandra,2431776,10000,0
Salamandrina_perspicillata,2431851,0,1
Santolina_semidentata,3125941,1691.9736284688531,0.23092107796870312
Satyrus_actaea,5134301,0,1
Saxicola_rubetra,2492521,4583.915473074501,0
Saxicola_torquatus,2492526,9048.175570442068,0
Saxifraga_florulenta,3754238,399.4188575505026,0.8184459738406806
Saxifraga_hirculus,3032811,1643.146646172717,0.25311516083058316
Saxifraga_osloensis,3753813,0,1
Scilla_litardierei,2767252,748.3416707650832,0.6598446951067805
Sciurus_carolinensis,5219681,7797.732705988655,0
Sciurus_vulgaris,8211070,10000,0
Scolopax_rusticola,2481700,10000,0
Scrophularia_herminii,3737600,1809.679082056041,0.17741859906543594
Scrophularia_sublyrata,3735647,2790.8735846500417,0
Senecio_lagascanus,3108080,491.58763545724304,0.7765510747921622
Serinus_canaria,2494303,637.7887103368655,0.7100960407559702
Serinus_serinus,2494200,10000,0
Sicista_betulina,2439449,10000,0
Silene_velutina,7538949,145.04639451295137,0.9340698206759313
Sinanodonta_woodiana,4559541,0,1
Sitta_europaea,2484916,10000,0
Sitta_neumayer,2484890,528.331014356529,0.7598495389288504
Sitta_whiteheadi,2484886,160.55143336217253,0.927022075744467
Soldanella_villosa,4004972,2390.880503632432,0
Sorex_alpinus,2435986,9714.857984482858,0
Sorex_antinorii,2435998,0,1
Sorex_araneus,8316400,10000,0
Sorex_caecutiens,2435994,10000,0
Sorex_coronatus,2436090,10000,0
Sorex_granarius,2436071,6175.254252734474,0
Sorex_minutus,7571319,10000,0
Speleomantes_strinatii,2431453,0,1
Spermophilus_citellus,2437304,10000,0
Spermophilus_suslicus,2437323,3900.016888695961,0
Sphaerium_ovale,8023479,0,1
Sphaerium_rivicola,5855596,0,1
Sphaerium_solidum,5855597,0,1
Sphagnum_pylaesii,2669149,0,1
Sphingonotus_azurescens,1699866,0,1
Sphingonotus_lluciapomaresi,1699638,0,1
Spialia_therapne,1945619,0,1
Spilopelia_senegalensis,6101223,0,1
Spinus_spinus,6092830,0,1
Stagnicola_fuscus,5778352,0,1
Stagnicola_palustris,5778354,0,1
Stellagama_stellio,7504253,0,1
Stenagostus_rufus,4428700,0,1
Stenobothrus_crassipes,1710910,0,1
Stenobothrus_eurasius,1710932,6261.814958647021,0
Stenobothrus_rubicundulus,1710900,0,1
Stephanopachys_linearis,4427599,8397.632821140664,0
Stercorarius_longicaudus,2481613,4336.51015688561,0
Stercorarius_pomarinus,2481609,0,1
Stercorarius_skua,2481618,0,1
Sterna_paradisaea,5229230,3391.788465076924,0
Sternula_albifrons,5789279,0,1
Steropleurus_andalusius,1682850,0,1
Steropleurus_pseudolus,1682871,0,1
Stictoleptura_stragulata,7932958,0,1
Streptopelia_decaocto,2495696,2218.7803513433664,0
Streptopelia_turtur,2495708,10000,0
Strix_aluco,9282206,10000,0
Strix_nebulosa,2497522,10000,0
Strix_uralensis,2497509,10000,0
Sturnus_unicolor,2489104,10000,0
Sturnus_vulgaris,9809229,10000,0
Stylurus_flavipes,5051901,10000,0
Surnia_ulula,2497894,10000,0
Sus_scrofa,7705930,10000,0
Sylvia_atricapilla,2492956,10000,0
Sylvia_borin,2492942,10000,0
Sylvia_cantillans,2492950,2414.054711254943,0
Sylvia_communis,2492943,3776.6987479777245,0
Sylvia_crassirostris,7342065,0,1
Sylvia_curruca,2492960,10000,0
Sylvia_hortensis,2492944,10000,0
Sylvia_nisoria,2492955,10000,0
Sylvia_ruppeli,6100917,0,1
Sylvia_sarda,2492965,1395.0414963812157,0.36589022891762923
Sylvia_subalpina,8381984,0,1
Sylvia_undata,2492949,2020.4172864332809,0.08162850616669051
Sylvilagus_floridanus,2436886,8318.163609959041,0
Sympecma_paedisca,1424202,0,1
Syringa_josikaea,7636833,10000,0
Syrmaticus_reevesii,2473477,10000,0
Tachybaptus_ruficollis,2482048,5018.53482069114,0
Tachymarptis_melba,2477411,2266.50114872591,0
Tadarida_teniotis,2433009,10000,0
Tadorna_ferruginea,2498015,9449.86216328466,0
Tadorna_tadorna,2498009,4901.92138559251,0
Talpa_europaea,7872906,10000,0
Talpa_occidentalis,2436152,10000,0
Tamias_sibiricus,2437450,7667.26072184366,0
Tarsiger_cyanurus,2492509,10000,0
Telescopus_fallax,2457466,0,1
Tenebroides_fuscus,4449473,0,1
Testudo_graeca,2441461,4331.319144590234,0
Testudo_hermanni,2441454,10000,0
Testudo_marginata,2441502,6057.422323440107,0
Tetrao_urogallus,2473577,10000,0
Tetrastes_bonasia,2473663,0,1
Tetrax_tetrax,5228228,10000,0
Tetrix_undulata,1681247,0,1
Teucrium_charidemi,3897704,126.52833314182162,0.9424871212991719
Teucrium_salviastrum,8166847,520.7921461135626,0.763276297221108
Threskiornis_aethiopicus,2480764,364.462039150618,0.8343354367497191
Thymus_capitellatus,7307657,2226.238212317121,0
Thyreonotus_bidens,1685943,0,1
Tichodroma_muraria,2484918,1512.9600975773394,0.312290864737573
Timon_lepidus,2468542,0,1
Trifolium_saxatile,5359144,368.8880803630888,0.8323235998349596
Tringa_erythropus,2481725,3616.8382327541517,0
Tringa_glareola,2481713,2509.896301023976,0
Tringa_nebularia,2481726,4901.791793581249,0
Tringa_ochropus,2481728,10000,0
Tringa_stagnatilis,2481719,1162.7677428067714,0.47146920781510393
Tringa_totanus,2481714,4818.445075079272,0
Triturus_cristatus,2431885,10000,0
Triturus_marmoratus,2431886,10000,0
Triturus_pygmaeus,2431889,0,1
Troglodytes_troglodytes,5231438,10000,0
Troglophilus_cavicola,1729803,0,1
Troglophilus_neglectus,1729811,0,1
Turdus_iliacus,2490781,10000,0
Turdus_merula,2490719,10000,0
Turdus_philomelos,7901064,10000,0
Turdus_pilaris,2490737,10000,0
Turdus_torquatus,7865305,10000,0
Turdus_viscivorus,2490774,10000,0
Tursiops_truncatus,2440447,103.86756750712097,0.9527874693149451
Tyto_alba,2497921,10000,0
Ulex_densus,2951999,563.9708642524437,0.7436496071579801
Unio_crassus,4559558,1515.4035019472828,0.3111802263875987
Unio_elongatulus,4559608,81.60338092036694,0.962907554127106
Unio_mancus,4374771,0,1
Unio_pictorum,4374772,0,1
Unio_tumidus,9551088,0,1
Upupa_epops,2498415,10000,0
Uromenus_elegans,1692396,0,1
Ursus_arctos,2433433,10000,0
Vandenboschia_speciosa,3606863,0,1
Vanellus_spinosus,5229142,221.77913451469837,0.8991913024933189
Vanellus_vanellus,2480242,10000,0
Vanessa_cardui,4299368,0,1
Verbascum_litigiosum,9644635,17.802898690294473,0.9919077733225934
Vertigo_angustior,4567182,10000,0
Vertigo_geyeri,4567251,2152.023574589558,0.02180746609565548
Vertigo_moulinsiana,4567215,10000,0
Vespertilio_murinus,2432564,10000,0
Viola_cazorlensis,5663812,44.20523652340472,0.9799067106711796
Vipera_ammodytes,2444308,10000,0
Vipera_aspis,2444339,10000,0
Vipera_seoanei,5960884,6083.790969424636,0
Vipera_ursinii,9807306,1728.0058731620788,0.2145427849263278
Viviparus_viviparus,5725685,0,1
Vulpes_lagopus,5219303,0,1
Vulpes_vulpes,5219243,10000,0
Xenopus_laevis,5217334,0,1
Xenus_cinereus,2481703,3272.8606263628676,0
Xestia_borealis,7727533,5661.502730132214,0
Xyletinus_tremulicola,4426238,7008.44282158014,0
Xylophilus_corticalis,5791551,0,1
Yersinella_raymondii,4423428,0,1
Zamenis_lineatus,2458382,0,1
Zamenis_longissimus,2458538,0,1
Zamenis_scalaris,9416124,0,1
Zerynthia_cassandra,5802625,0,1
Zerynthia_polyxena,5141262,10000,0
Zeuneriana_abbreviata,1688384,0,1
Zootoca_vivipara,9702100,0,1
