name,value
Austria.AT11.GRSLND.Area,2.322
Austria.AT11.GRSLND.HiSol_CO2,0.951
Austria.AT11.GRSLND.HiSol_N2O,3.432
,
Austria.AT12.GRSLND.Area,0.006
Austria.AT12.GRSLND.HiSol_CO2,0.954
Austria.AT12.GRSLND.HiSol_N2O,3.448
,
Austria.AT31.GRSLND.Area,3.01
Austria.AT31.GRSLND.HiSol_CO2,0.951
Austria.AT31.GRSLND.HiSol_N2O,3.432
,
Austria.AT32.GRSLND.Area,10.498
Austria.AT32.GRSLND.HiSol_CO2,0.951
Austria.AT32.GRSLND.HiSol_N2O,3.432
,
Austria.AT33.GRSLND.Area,0.354
Austria.AT33.GRSLND.HiSol_CO2,0.95
Austria.AT33.GRSLND.HiSol_N2O,3.431
,
Austria.AT34.GRSLND.Area,1.247
Austria.AT34.GRSLND.HiSol_CO2,0.951
Austria.AT34.GRSLND.HiSol_N2O,3.432
,
Belgium.BE21.GRSLND.Area,0.102
Belgium.BE21.GRSLND.HiSol_CO2,3.442
Belgium.BE21.GRSLND.HiSol_N2O,3.429
,
Belgium.BE21.CrpLnd.Area,0.14
Belgium.BE21.CrpLnd.HiSol_CO2,25.998
Belgium.BE21.CrpLnd.HiSol_N2O,3.434
,
Belgium.BE23.GRSLND.Area,0.355
Belgium.BE23.GRSLND.HiSol_CO2,3.442
Belgium.BE23.GRSLND.HiSol_N2O,3.435
,
Belgium.BE23.CrpLnd.Area,0.626
Belgium.BE23.CrpLnd.HiSol_CO2,26.001
Belgium.BE23.CrpLnd.HiSol_N2O,3.433
,
Belgium.BE25.GRSLND.Area,0.921
Belgium.BE25.GRSLND.HiSol_CO2,3.443
Belgium.BE25.GRSLND.HiSol_N2O,3.432
,
Belgium.BE25.CrpLnd.Area,3.029
Belgium.BE25.CrpLnd.HiSol_CO2,26.001
Belgium.BE25.CrpLnd.HiSol_N2O,3.432
,
Belgium.BE32.GRSLND.Area,0.11
Belgium.BE32.GRSLND.HiSol_CO2,3.443
Belgium.BE32.GRSLND.HiSol_N2O,3.42
,
Belgium.BE32.CrpLnd.Area,0.577
Belgium.BE32.CrpLnd.HiSol_CO2,26
Belgium.BE32.CrpLnd.HiSol_N2O,3.432
,
Belgium.BE33.GRSLND.Area,6.078
Belgium.BE33.GRSLND.HiSol_CO2,3.443
Belgium.BE33.GRSLND.HiSol_N2O,3.432
,
Belgium.BE33.CrpLnd.Area,2.403
Belgium.BE33.CrpLnd.HiSol_CO2,26.002
Belgium.BE33.CrpLnd.HiSol_N2O,3.432
,
Belgium.BE34.GRSLND.Area,2.248
Belgium.BE34.GRSLND.HiSol_CO2,3.442
Belgium.BE34.GRSLND.HiSol_N2O,3.432
,
Belgium.BE34.CrpLnd.Area,1.462
Belgium.BE34.CrpLnd.HiSol_CO2,26.001
Belgium.BE34.CrpLnd.HiSol_N2O,3.432
,
Belgium.BE35.GRSLND.Area,0.151
Belgium.BE35.GRSLND.HiSol_CO2,3.442
Belgium.BE35.GRSLND.HiSol_N2O,3.439
,
Belgium.BE35.CrpLnd.Area,0.508
Belgium.BE35.CrpLnd.HiSol_CO2,26.001
Belgium.BE35.CrpLnd.HiSol_N2O,3.432
,
Bulgaria.BG01.GRSLND.Area,2.839
Bulgaria.BG01.GRSLND.HiSol_CO2,6.12
Bulgaria.BG01.GRSLND.HiSol_N2O,3.432
,
Bulgaria.BG01.CrpLnd.Area,9.359
Bulgaria.BG01.CrpLnd.HiSol_CO2,34.986
Bulgaria.BG01.CrpLnd.HiSol_N2O,3.432
,
Bulgaria.BG02.GRSLND.Area,1.292
Bulgaria.BG02.GRSLND.HiSol_CO2,6.12
Bulgaria.BG02.GRSLND.HiSol_N2O,3.434
,
Bulgaria.BG02.CrpLnd.Area,5.127
Bulgaria.BG02.CrpLnd.HiSol_CO2,34.986
Bulgaria.BG02.CrpLnd.HiSol_N2O,3.432
,
Bulgaria.BG03.GRSLND.Area,0.666
Bulgaria.BG03.GRSLND.HiSol_CO2,6.121
Bulgaria.BG03.GRSLND.HiSol_N2O,3.435
,
Bulgaria.BG03.CrpLnd.Area,4.657
Bulgaria.BG03.CrpLnd.HiSol_CO2,34.984
Bulgaria.BG03.CrpLnd.HiSol_N2O,3.433
,
Bulgaria.BG04.GRSLND.Area,4.833
Bulgaria.BG04.GRSLND.HiSol_CO2,6.12
Bulgaria.BG04.GRSLND.HiSol_N2O,3.433
,
Bulgaria.BG04.CrpLnd.Area,3.612
Bulgaria.BG04.CrpLnd.HiSol_CO2,34.985
Bulgaria.BG04.CrpLnd.HiSol_N2O,3.432
,
Bulgaria.BG05.GRSLND.Area,2.753
Bulgaria.BG05.GRSLND.HiSol_CO2,6.121
Bulgaria.BG05.GRSLND.HiSol_N2O,3.43
,
Bulgaria.BG05.CrpLnd.Area,6.491
Bulgaria.BG05.CrpLnd.HiSol_CO2,34.986
Bulgaria.BG05.CrpLnd.HiSol_N2O,3.432
,
Bulgaria.BG06.GRSLND.Area,2.769
Bulgaria.BG06.GRSLND.HiSol_CO2,6.12
Bulgaria.BG06.GRSLND.HiSol_N2O,3.43
,
Bulgaria.BG06.CrpLnd.Area,7.128
Bulgaria.BG06.CrpLnd.HiSol_CO2,34.986
Bulgaria.BG06.CrpLnd.HiSol_N2O,3.432
,
Croatia.LU03879.GRSLND.Area,0.002
Croatia.LU03879.GRSLND.HiSol_CO2,7.136
Croatia.LU03879.GRSLND.HiSol_N2O,3.426
,
Croatia.LU03879.CrpLnd.Area,0.037
Croatia.LU03879.CrpLnd.HiSol_CO2,34.307
Croatia.LU03879.CrpLnd.HiSol_N2O,3.423
,
Croatia.LU03880.GRSLND.Area,0.012
Croatia.LU03880.GRSLND.HiSol_CO2,7.136
Croatia.LU03880.GRSLND.HiSol_N2O,3.426
,
Croatia.LU03880.CrpLnd.Area,0.246
Croatia.LU03880.CrpLnd.HiSol_CO2,34.307
Croatia.LU03880.CrpLnd.HiSol_N2O,3.423
,
Croatia.LU04058.GRSLND.Area,0.005
Croatia.LU04058.GRSLND.HiSol_CO2,7.136
Croatia.LU04058.GRSLND.HiSol_N2O,3.426
,
Croatia.LU04058.CrpLnd.Area,0.094
Croatia.LU04058.CrpLnd.HiSol_CO2,34.307
Croatia.LU04058.CrpLnd.HiSol_N2O,3.423
,
Croatia.LU04059.GRSLND.Area,0.01
Croatia.LU04059.GRSLND.HiSol_CO2,7.136
Croatia.LU04059.GRSLND.HiSol_N2O,3.426
,
Croatia.LU04059.CrpLnd.Area,0.198
Croatia.LU04059.CrpLnd.HiSol_CO2,34.307
Croatia.LU04059.CrpLnd.HiSol_N2O,3.423
,
Croatia.LU04060.GRSLND.Area,0.025
Croatia.LU04060.GRSLND.HiSol_CO2,7.136
Croatia.LU04060.GRSLND.HiSol_N2O,3.426
,
Croatia.LU04060.CrpLnd.Area,0.497
Croatia.LU04060.CrpLnd.HiSol_CO2,34.307
Croatia.LU04060.CrpLnd.HiSol_N2O,3.423
,
Croatia.LU04061.GRSLND.Area,0.023
Croatia.LU04061.GRSLND.HiSol_CO2,7.136
Croatia.LU04061.GRSLND.HiSol_N2O,3.426
,
Croatia.LU04061.CrpLnd.Area,0.448
Croatia.LU04061.CrpLnd.HiSol_CO2,34.307
Croatia.LU04061.CrpLnd.HiSol_N2O,3.423
,
Croatia.LU04239.GRSLND.Area,0.001
Croatia.LU04239.GRSLND.HiSol_CO2,7.136
Croatia.LU04239.GRSLND.HiSol_N2O,3.426
,
Croatia.LU04239.CrpLnd.Area,0.011
Croatia.LU04239.CrpLnd.HiSol_CO2,34.307
Croatia.LU04239.CrpLnd.HiSol_N2O,3.423
,
Croatia.LU04240.GRSLND.Area,0.004
Croatia.LU04240.GRSLND.HiSol_CO2,7.136
Croatia.LU04240.GRSLND.HiSol_N2O,3.426
,
Croatia.LU04240.CrpLnd.Area,0.072
Croatia.LU04240.CrpLnd.HiSol_CO2,34.307
Croatia.LU04240.CrpLnd.HiSol_N2O,3.423
,
Croatia.LU04241.GRSLND.Area,0
Croatia.LU04241.GRSLND.HiSol_CO2,7.136
Croatia.LU04241.GRSLND.HiSol_N2O,3.426
,
Croatia.LU04241.CrpLnd.Area,0.002
Croatia.LU04241.CrpLnd.HiSol_CO2,34.307
Croatia.LU04241.CrpLnd.HiSol_N2O,3.423
,
Denmark.DK00.GRSLND.Area,47.307
Denmark.DK00.GRSLND.HiSol_CO2,0.917
Denmark.DK00.GRSLND.HiSol_N2O,3.432
,
Denmark.DK00.CrpLnd.Area,43.528
Denmark.DK00.CrpLnd.HiSol_CO2,18.334
Denmark.DK00.CrpLnd.HiSol_N2O,3.432
,
Estonia.EE00.GRSLND.Area,61.687
Estonia.EE00.GRSLND.HiSol_CO2,0.917
Estonia.EE00.GRSLND.HiSol_N2O,3.432
,
Estonia.EE00.CrpLnd.Area,26.384
Estonia.EE00.CrpLnd.HiSol_CO2,18.333
Estonia.EE00.CrpLnd.HiSol_N2O,3.432
,
Finland.FI13.GRSLND.Area,1.515
Finland.FI13.GRSLND.HiSol_CO2,0.917
Finland.FI13.GRSLND.HiSol_N2O,3.432
,
Finland.FI13.CrpLnd.Area,22.416
Finland.FI13.CrpLnd.HiSol_CO2,18.333
Finland.FI13.CrpLnd.HiSol_N2O,3.432
,
Finland.FI14.GRSLND.Area,0.961
Finland.FI14.GRSLND.HiSol_CO2,0.917
Finland.FI14.GRSLND.HiSol_N2O,3.432
,
Finland.FI14.CrpLnd.Area,51.701
Finland.FI14.CrpLnd.HiSol_CO2,18.333
Finland.FI14.CrpLnd.HiSol_N2O,3.432
,
Finland.FI15.GRSLND.Area,2.255
Finland.FI15.GRSLND.HiSol_CO2,0.917
Finland.FI15.GRSLND.HiSol_N2O,3.432
,
Finland.FI15.CrpLnd.Area,45.829
Finland.FI15.CrpLnd.HiSol_CO2,18.333
Finland.FI15.CrpLnd.HiSol_N2O,3.432
,
Finland.FI16.GRSLND.Area,0.041
Finland.FI16.GRSLND.HiSol_CO2,0.917
Finland.FI16.GRSLND.HiSol_N2O,3.432
,
Finland.FI16.CrpLnd.Area,4.304
Finland.FI16.CrpLnd.HiSol_CO2,18.333
Finland.FI16.CrpLnd.HiSol_N2O,3.432
,
Finland.FI17.GRSLND.Area,0.335
Finland.FI17.GRSLND.HiSol_CO2,0.917
Finland.FI17.GRSLND.HiSol_N2O,3.432
,
Finland.FI17.CrpLnd.Area,20.753
Finland.FI17.CrpLnd.HiSol_CO2,18.333
Finland.FI17.CrpLnd.HiSol_N2O,3.432
,
Finland.FI20.GRSLND.Area,0.012
Finland.FI20.GRSLND.HiSol_CO2,0.917
Finland.FI20.GRSLND.HiSol_N2O,3.432
,
Finland.FI20.CrpLnd.Area,0.269
Finland.FI20.CrpLnd.HiSol_CO2,18.333
Finland.FI20.CrpLnd.HiSol_N2O,3.432
,
France.FR10.GRSLND.Area,0.093
France.FR10.GRSLND.HiSol_CO2,6.401
France.FR10.GRSLND.HiSol_N2O,3.433
,
France.FR10.CrpLnd.Area,3.242
France.FR10.CrpLnd.HiSol_CO2,33.215
France.FR10.CrpLnd.HiSol_N2O,3.431
,
France.FR21.GRSLND.Area,1.472
France.FR21.GRSLND.HiSol_CO2,6.401
France.FR21.GRSLND.HiSol_N2O,3.429
,
France.FR21.CrpLnd.Area,11.203
France.FR21.CrpLnd.HiSol_CO2,33.216
France.FR21.CrpLnd.HiSol_N2O,3.432
,
France.FR22.GRSLND.Area,3.9
France.FR22.GRSLND.HiSol_CO2,6.401
France.FR22.GRSLND.HiSol_N2O,3.432
,
France.FR22.CrpLnd.Area,32.031
France.FR22.CrpLnd.HiSol_CO2,33.214
France.FR22.CrpLnd.HiSol_N2O,3.432
,
France.FR23.GRSLND.Area,0.088
France.FR23.GRSLND.HiSol_CO2,6.407
France.FR23.GRSLND.HiSol_N2O,3.431
,
France.FR23.CrpLnd.Area,0.249
France.FR23.CrpLnd.HiSol_CO2,33.177
France.FR23.CrpLnd.HiSol_N2O,3.429
,
France.FR24.GRSLND.Area,1.867
France.FR24.GRSLND.HiSol_CO2,6.401
France.FR24.GRSLND.HiSol_N2O,3.431
,
France.FR24.CrpLnd.Area,14.442
France.FR24.CrpLnd.HiSol_CO2,33.213
France.FR24.CrpLnd.HiSol_N2O,3.431
,
France.FR25.GRSLND.Area,4.687
France.FR25.GRSLND.HiSol_CO2,6.401
France.FR25.GRSLND.HiSol_N2O,3.431
,
France.FR25.CrpLnd.Area,2.521
France.FR25.CrpLnd.HiSol_CO2,33.21
France.FR25.CrpLnd.HiSol_N2O,3.429
,
France.FR26.GRSLND.Area,1.206
France.FR26.GRSLND.HiSol_CO2,6.399
France.FR26.GRSLND.HiSol_N2O,3.431
,
France.FR26.CrpLnd.Area,1.274
France.FR26.CrpLnd.HiSol_CO2,33.221
France.FR26.CrpLnd.HiSol_N2O,3.435
,
France.FR30.GRSLND.Area,3.586
France.FR30.GRSLND.HiSol_CO2,6.401
France.FR30.GRSLND.HiSol_N2O,3.432
,
France.FR30.CrpLnd.Area,13.051
France.FR30.CrpLnd.HiSol_CO2,33.214
France.FR30.CrpLnd.HiSol_N2O,3.432
,
France.FR41.GRSLND.Area,2.647
France.FR41.GRSLND.HiSol_CO2,6.401
France.FR41.GRSLND.HiSol_N2O,3.435
,
France.FR41.CrpLnd.Area,6.228
France.FR41.CrpLnd.HiSol_CO2,33.213
France.FR41.CrpLnd.HiSol_N2O,3.432
,
France.FR42.GRSLND.Area,0.586
France.FR42.GRSLND.HiSol_CO2,6.401
France.FR42.GRSLND.HiSol_N2O,3.434
,
France.FR42.CrpLnd.Area,4.41
France.FR42.CrpLnd.HiSol_CO2,33.215
France.FR42.CrpLnd.HiSol_N2O,3.432
,
France.FR43.GRSLND.Area,1.123
France.FR43.GRSLND.HiSol_CO2,6.401
France.FR43.GRSLND.HiSol_N2O,3.432
,
France.FR43.CrpLnd.Area,0.868
France.FR43.CrpLnd.HiSol_CO2,33.217
France.FR43.CrpLnd.HiSol_N2O,3.429
,
France.FR51.GRSLND.Area,7.751
France.FR51.GRSLND.HiSol_CO2,6.401
France.FR51.GRSLND.HiSol_N2O,3.433
,
France.FR51.CrpLnd.Area,6.897
France.FR51.CrpLnd.HiSol_CO2,33.212
France.FR51.CrpLnd.HiSol_N2O,3.433
,
France.FR52.GRSLND.Area,0.115
France.FR52.GRSLND.HiSol_CO2,6.4
France.FR52.GRSLND.HiSol_N2O,3.431
,
France.FR52.CrpLnd.Area,0.7
France.FR52.CrpLnd.HiSol_CO2,33.194
France.FR52.CrpLnd.HiSol_N2O,3.429
,
France.FR53.GRSLND.Area,1.535
France.FR53.GRSLND.HiSol_CO2,6.401
France.FR53.GRSLND.HiSol_N2O,3.429
,
France.FR53.CrpLnd.Area,12.706
France.FR53.CrpLnd.HiSol_CO2,33.212
France.FR53.CrpLnd.HiSol_N2O,3.432
,
France.FR63.GRSLND.Area,2.705
France.FR63.GRSLND.HiSol_CO2,6.401
France.FR63.GRSLND.HiSol_N2O,3.435
,
France.FR63.CrpLnd.Area,0.721
France.FR63.CrpLnd.HiSol_CO2,33.216
France.FR63.CrpLnd.HiSol_N2O,3.429
,
France.FR71.GRSLND.Area,0.493
France.FR71.GRSLND.HiSol_CO2,6.402
France.FR71.GRSLND.HiSol_N2O,3.434
,
France.FR71.CrpLnd.Area,0.941
France.FR71.CrpLnd.HiSol_CO2,33.215
France.FR71.CrpLnd.HiSol_N2O,3.439
,
France.FR72.GRSLND.Area,0.737
France.FR72.GRSLND.HiSol_CO2,6.403
France.FR72.GRSLND.HiSol_N2O,3.434
,
France.FR72.CrpLnd.Area,0.951
France.FR72.CrpLnd.HiSol_CO2,33.212
France.FR72.CrpLnd.HiSol_N2O,3.425
,
France.FR81.GRSLND.Area,5.159
France.FR81.GRSLND.HiSol_CO2,6.401
France.FR81.GRSLND.HiSol_N2O,3.432
,
France.FR81.CrpLnd.Area,0.183
France.FR81.CrpLnd.HiSol_CO2,33.225
France.FR81.CrpLnd.HiSol_N2O,3.43
,
Germany.DE11.GRSLND.Area,0.001
Germany.DE11.GRSLND.HiSol_CO2,1.176
Germany.DE11.GRSLND.HiSol_N2O,3.767
,
Germany.DE11.CrpLnd.Area,0.001
Germany.DE11.CrpLnd.HiSol_CO2,18.675
Germany.DE11.CrpLnd.HiSol_N2O,3.413
,
Germany.DE12.GRSLND.Area,0.96
Germany.DE12.GRSLND.HiSol_CO2,1.07
Germany.DE12.GRSLND.HiSol_N2O,3.432
,
Germany.DE12.CrpLnd.Area,0.501
Germany.DE12.CrpLnd.HiSol_CO2,18.777
Germany.DE12.CrpLnd.HiSol_N2O,3.43
,
Germany.DE13.GRSLND.Area,0.451
Germany.DE13.GRSLND.HiSol_CO2,1.07
Germany.DE13.GRSLND.HiSol_N2O,3.437
,
Germany.DE13.CrpLnd.Area,0.427
Germany.DE13.CrpLnd.HiSol_CO2,18.778
Germany.DE13.CrpLnd.HiSol_N2O,3.427
,
Germany.DE14.GRSLND.Area,3.984
Germany.DE14.GRSLND.HiSol_CO2,1.07
Germany.DE14.GRSLND.HiSol_N2O,3.432
,
Germany.DE14.CrpLnd.Area,1.725
Germany.DE14.CrpLnd.HiSol_CO2,18.778
Germany.DE14.CrpLnd.HiSol_N2O,3.431
,
Germany.DE21.GRSLND.Area,45.873
Germany.DE21.GRSLND.HiSol_CO2,1.07
Germany.DE21.GRSLND.HiSol_N2O,3.432
,
Germany.DE21.CrpLnd.Area,18.852
Germany.DE21.CrpLnd.HiSol_CO2,18.778
Germany.DE21.CrpLnd.HiSol_N2O,3.432
,
Germany.DE22.GRSLND.Area,3.61
Germany.DE22.GRSLND.HiSol_CO2,1.07
Germany.DE22.GRSLND.HiSol_N2O,3.432
,
Germany.DE22.CrpLnd.Area,3.026
Germany.DE22.CrpLnd.HiSol_CO2,18.778
Germany.DE22.CrpLnd.HiSol_N2O,3.433
,
Germany.DE23.GRSLND.Area,2.182
Germany.DE23.GRSLND.HiSol_CO2,1.07
Germany.DE23.GRSLND.HiSol_N2O,3.432
,
Germany.DE23.CrpLnd.Area,0.79
Germany.DE23.CrpLnd.HiSol_CO2,18.777
Germany.DE23.CrpLnd.HiSol_N2O,3.432
,
Germany.DE24.GRSLND.Area,2.582
Germany.DE24.GRSLND.HiSol_CO2,1.07
Germany.DE24.GRSLND.HiSol_N2O,3.432
,
Germany.DE24.CrpLnd.Area,0.432
Germany.DE24.CrpLnd.HiSol_CO2,18.78
Germany.DE24.CrpLnd.HiSol_N2O,3.437
,
Germany.DE25.GRSLND.Area,0.903
Germany.DE25.GRSLND.HiSol_CO2,1.07
Germany.DE25.GRSLND.HiSol_N2O,3.43
,
Germany.DE25.CrpLnd.Area,0.462
Germany.DE25.CrpLnd.HiSol_CO2,18.775
Germany.DE25.CrpLnd.HiSol_N2O,3.43
,
Germany.DE26.GRSLND.Area,0.214
Germany.DE26.GRSLND.HiSol_CO2,1.07
Germany.DE26.GRSLND.HiSol_N2O,3.429
,
Germany.DE26.CrpLnd.Area,0.01
Germany.DE26.CrpLnd.HiSol_CO2,18.94
Germany.DE26.CrpLnd.HiSol_N2O,3.461
,
Germany.DE27.GRSLND.Area,18.711
Germany.DE27.GRSLND.HiSol_CO2,1.07
Germany.DE27.GRSLND.HiSol_N2O,3.432
,
Germany.DE27.CrpLnd.Area,7.963
Germany.DE27.CrpLnd.HiSol_CO2,18.778
Germany.DE27.CrpLnd.HiSol_N2O,3.432
,
Germany.DE40.GRSLND.Area,101.079
Germany.DE40.GRSLND.HiSol_CO2,1.07
Germany.DE40.GRSLND.HiSol_N2O,3.432
,
Germany.DE40.CrpLnd.Area,69.344
Germany.DE40.CrpLnd.HiSol_CO2,18.778
Germany.DE40.CrpLnd.HiSol_N2O,3.432
,
Germany.DE71.GRSLND.Area,1.499
Germany.DE71.GRSLND.HiSol_CO2,1.07
Germany.DE71.GRSLND.HiSol_N2O,3.432
,
Germany.DE71.CrpLnd.Area,2.221
Germany.DE71.CrpLnd.HiSol_CO2,18.778
Germany.DE71.CrpLnd.HiSol_N2O,3.432
,
Germany.DE73.GRSLND.Area,0.414
Germany.DE73.GRSLND.HiSol_CO2,1.07
Germany.DE73.GRSLND.HiSol_N2O,3.439
,
Germany.DE73.CrpLnd.Area,0.002
Germany.DE73.CrpLnd.HiSol_CO2,18.247
Germany.DE73.CrpLnd.HiSol_N2O,3.337
,
Germany.DE80.GRSLND.Area,110.915
Germany.DE80.GRSLND.HiSol_CO2,1.07
Germany.DE80.GRSLND.HiSol_N2O,3.432
,
Germany.DE80.CrpLnd.Area,89.821
Germany.DE80.CrpLnd.HiSol_CO2,18.778
Germany.DE80.CrpLnd.HiSol_N2O,3.432
,
Germany.DE91.GRSLND.Area,9.11
Germany.DE91.GRSLND.HiSol_CO2,1.07
Germany.DE91.GRSLND.HiSol_N2O,3.432
,
Germany.DE91.CrpLnd.Area,9.416
Germany.DE91.CrpLnd.HiSol_CO2,18.778
Germany.DE91.CrpLnd.HiSol_N2O,3.432
,
Germany.DE92.GRSLND.Area,20.176
Germany.DE92.GRSLND.HiSol_CO2,1.07
Germany.DE92.GRSLND.HiSol_N2O,3.432
,
Germany.DE92.CrpLnd.Area,18.975
Germany.DE92.CrpLnd.HiSol_CO2,18.778
Germany.DE92.CrpLnd.HiSol_N2O,3.432
,
Germany.DE93.GRSLND.Area,104.161
Germany.DE93.GRSLND.HiSol_CO2,1.07
Germany.DE93.GRSLND.HiSol_N2O,3.432
,
Germany.DE93.CrpLnd.Area,34.608
Germany.DE93.CrpLnd.HiSol_CO2,18.778
Germany.DE93.CrpLnd.HiSol_N2O,3.432
,
Germany.DE94.GRSLND.Area,122.499
Germany.DE94.GRSLND.HiSol_CO2,1.07
Germany.DE94.GRSLND.HiSol_N2O,3.432
,
Germany.DE94.CrpLnd.Area,58.463
Germany.DE94.CrpLnd.HiSol_CO2,18.778
Germany.DE94.CrpLnd.HiSol_N2O,3.432
,
Germany.DEA1.GRSLND.Area,0.61
Germany.DEA1.GRSLND.HiSol_CO2,1.07
Germany.DEA1.GRSLND.HiSol_N2O,3.432
,
Germany.DEA1.CrpLnd.Area,0.303
Germany.DEA1.CrpLnd.HiSol_CO2,18.781
Germany.DEA1.CrpLnd.HiSol_N2O,3.435
,
Germany.DEA2.GRSLND.Area,0.28
Germany.DEA2.GRSLND.HiSol_CO2,1.07
Germany.DEA2.GRSLND.HiSol_N2O,3.433
,
Germany.DEA2.CrpLnd.Area,0.006
Germany.DEA2.CrpLnd.HiSol_CO2,18.609
Germany.DEA2.CrpLnd.HiSol_N2O,3.4
,
Germany.DEA3.GRSLND.Area,5.861
Germany.DEA3.GRSLND.HiSol_CO2,1.07
Germany.DEA3.GRSLND.HiSol_N2O,3.432
,
Germany.DEA3.CrpLnd.Area,7.238
Germany.DEA3.CrpLnd.HiSol_CO2,18.778
Germany.DEA3.CrpLnd.HiSol_N2O,3.432
,
Germany.DEA4.GRSLND.Area,6.567
Germany.DEA4.GRSLND.HiSol_CO2,1.07
Germany.DEA4.GRSLND.HiSol_N2O,3.432
,
Germany.DEA4.CrpLnd.Area,4.916
Germany.DEA4.CrpLnd.HiSol_CO2,18.778
Germany.DEA4.CrpLnd.HiSol_N2O,3.432
,
Germany.DEA5.GRSLND.Area,0.26
Germany.DEA5.GRSLND.HiSol_CO2,1.07
Germany.DEA5.GRSLND.HiSol_N2O,3.423
,
Germany.DEA5.CrpLnd.Area,0.172
Germany.DEA5.CrpLnd.HiSol_CO2,18.776
Germany.DEA5.CrpLnd.HiSol_N2O,3.423
,
Germany.DEB3.GRSLND.Area,1.328
Germany.DEB3.GRSLND.HiSol_CO2,1.07
Germany.DEB3.GRSLND.HiSol_N2O,3.432
,
Germany.DEB3.CrpLnd.Area,1.004
Germany.DEB3.CrpLnd.HiSol_CO2,18.777
Germany.DEB3.CrpLnd.HiSol_N2O,3.434
,
Germany.DEC0.GRSLND.Area,0.054
Germany.DEC0.GRSLND.HiSol_CO2,1.069
Germany.DEC0.GRSLND.HiSol_N2O,3.431
,
Germany.DEC0.CrpLnd.Area,0.012
Germany.DEC0.CrpLnd.HiSol_CO2,18.784
Germany.DEC0.CrpLnd.HiSol_N2O,3.434
,
Germany.DED1.GRSLND.Area,1.481
Germany.DED1.GRSLND.HiSol_CO2,1.07
Germany.DED1.GRSLND.HiSol_N2O,3.432
,
Germany.DED1.CrpLnd.Area,0.426
Germany.DED1.CrpLnd.HiSol_CO2,18.778
Germany.DED1.CrpLnd.HiSol_N2O,3.43
,
Germany.DED2.GRSLND.Area,1.238
Germany.DED2.GRSLND.HiSol_CO2,1.07
Germany.DED2.GRSLND.HiSol_N2O,3.432
,
Germany.DED2.CrpLnd.Area,0.528
Germany.DED2.CrpLnd.HiSol_CO2,18.778
Germany.DED2.CrpLnd.HiSol_N2O,3.43
,
Germany.DED3.GRSLND.Area,0.283
Germany.DED3.GRSLND.HiSol_CO2,1.07
Germany.DED3.GRSLND.HiSol_N2O,3.432
,
Germany.DED3.CrpLnd.Area,0.463
Germany.DED3.CrpLnd.HiSol_CO2,18.778
Germany.DED3.CrpLnd.HiSol_N2O,3.43
,
Germany.DEE1.GRSLND.Area,4.219
Germany.DEE1.GRSLND.HiSol_CO2,1.07
Germany.DEE1.GRSLND.HiSol_N2O,3.432
,
Germany.DEE1.CrpLnd.Area,2.309
Germany.DEE1.CrpLnd.HiSol_CO2,18.778
Germany.DEE1.CrpLnd.HiSol_N2O,3.432
,
Germany.DEE2.GRSLND.Area,2.929
Germany.DEE2.GRSLND.HiSol_CO2,1.07
Germany.DEE2.GRSLND.HiSol_N2O,3.432
,
Germany.DEE2.CrpLnd.Area,4.111
Germany.DEE2.CrpLnd.HiSol_CO2,18.778
Germany.DEE2.CrpLnd.HiSol_N2O,3.432
,
Germany.DEE3.GRSLND.Area,9.776
Germany.DEE3.GRSLND.HiSol_CO2,1.07
Germany.DEE3.GRSLND.HiSol_N2O,3.432
,
Germany.DEE3.CrpLnd.Area,6.302
Germany.DEE3.CrpLnd.HiSol_CO2,18.778
Germany.DEE3.CrpLnd.HiSol_N2O,3.432
,
Germany.DEF0.GRSLND.Area,72.554
Germany.DEF0.GRSLND.HiSol_CO2,1.07
Germany.DEF0.GRSLND.HiSol_N2O,3.432
,
Germany.DEF0.CrpLnd.Area,29.37
Germany.DEF0.CrpLnd.HiSol_CO2,18.778
Germany.DEF0.CrpLnd.HiSol_N2O,3.432
,
Germany.DEG0.GRSLND.Area,0.001
Germany.DEG0.GRSLND.HiSol_CO2,1.028
Germany.DEG0.GRSLND.HiSol_N2O,3.298
,
Germany.DEG0.CrpLnd.Area,0.001
Germany.DEG0.CrpLnd.HiSol_CO2,16.9
Germany.DEG0.CrpLnd.HiSol_N2O,3.085
,
Greece.GR11.CrpLnd.Area,7.102
Greece.GR11.CrpLnd.HiSol_CO2,36.787
Greece.GR11.CrpLnd.HiSol_N2O,3.565
,
Greece.GR12.CrpLnd.Area,20.441
Greece.GR12.CrpLnd.HiSol_CO2,36.788
Greece.GR12.CrpLnd.HiSol_N2O,3.565
,
Greece.GR13.CrpLnd.Area,0.898
Greece.GR13.CrpLnd.HiSol_CO2,36.785
Greece.GR13.CrpLnd.HiSol_N2O,3.563
,
Greece.GR14.CrpLnd.Area,2.379
Greece.GR14.CrpLnd.HiSol_CO2,36.79
Greece.GR14.CrpLnd.HiSol_N2O,3.565
,
Greece.GR21.CrpLnd.Area,1.607
Greece.GR21.CrpLnd.HiSol_CO2,36.787
Greece.GR21.CrpLnd.HiSol_N2O,3.565
,
Greece.GR22.CrpLnd.Area,0.738
Greece.GR22.CrpLnd.HiSol_CO2,36.789
Greece.GR22.CrpLnd.HiSol_N2O,3.565
,
Greece.GR23.CrpLnd.Area,3.433
Greece.GR23.CrpLnd.HiSol_CO2,36.788
Greece.GR23.CrpLnd.HiSol_N2O,3.565
,
Greece.GR24.CrpLnd.Area,10.471
Greece.GR24.CrpLnd.HiSol_CO2,36.787
Greece.GR24.CrpLnd.HiSol_N2O,3.565
,
Greece.GR25.CrpLnd.Area,0.596
Greece.GR25.CrpLnd.HiSol_CO2,36.786
Greece.GR25.CrpLnd.HiSol_N2O,3.563
,
Greece.GR30.CrpLnd.Area,1.269
Greece.GR30.CrpLnd.HiSol_CO2,36.787
Greece.GR30.CrpLnd.HiSol_N2O,3.565
,
Greece.GR41.CrpLnd.Area,0.241
Greece.GR41.CrpLnd.HiSol_CO2,36.782
Greece.GR41.CrpLnd.HiSol_N2O,3.562
,
Greece.GR42.CrpLnd.Area,1.933
Greece.GR42.CrpLnd.HiSol_CO2,36.787
Greece.GR42.CrpLnd.HiSol_N2O,3.565
,
Greece.GR43.CrpLnd.Area,0.866
Greece.GR43.CrpLnd.HiSol_CO2,36.786
Greece.GR43.CrpLnd.HiSol_N2O,3.567
,
Ireland.IE01.GRSLND.Area,173.613
Ireland.IE01.GRSLND.HiSol_CO2,1.551
Ireland.IE01.GRSLND.HiSol_N2O,3.432
,
Ireland.IE02.GRSLND.Area,116.452
Ireland.IE02.GRSLND.HiSol_CO2,1.551
Ireland.IE02.GRSLND.HiSol_N2O,3.432
,
Italy.IT31.GRSLND.Area,0.016
Italy.IT31.GRSLND.HiSol_CO2,8.165
Italy.IT31.GRSLND.HiSol_N2O,3.45
,
Italy.IT31.CrpLnd.Area,0.002
Italy.IT31.CrpLnd.HiSol_CO2,35.794
Italy.IT31.CrpLnd.HiSol_N2O,3.436
,
Italy.IT32.GRSLND.Area,0.011
Italy.IT32.GRSLND.HiSol_CO2,8.079
Italy.IT32.GRSLND.HiSol_N2O,3.412
,
Italy.IT32.CrpLnd.Area,3.862
Italy.IT32.CrpLnd.HiSol_CO2,35.788
Italy.IT32.CrpLnd.HiSol_N2O,3.431
,
Italy.IT40.GRSLND.Area,0.014
Italy.IT40.GRSLND.HiSol_CO2,8.104
Italy.IT40.GRSLND.HiSol_N2O,3.427
,
Italy.IT40.CrpLnd.Area,17.658
Italy.IT40.CrpLnd.HiSol_CO2,35.789
Italy.IT40.CrpLnd.HiSol_N2O,3.432
,
Italy.IT51.GRSLND.Area,0.022
Italy.IT51.GRSLND.HiSol_CO2,8.097
Italy.IT51.GRSLND.HiSol_N2O,3.428
,
Italy.IT51.CrpLnd.Area,2.459
Italy.IT51.CrpLnd.HiSol_CO2,35.793
Italy.IT51.CrpLnd.HiSol_N2O,3.432
,
Latvia.LV00.GRSLND.Area,41.924
Latvia.LV00.GRSLND.HiSol_CO2,0.917
Latvia.LV00.GRSLND.HiSol_N2O,3.432
,
Latvia.LV00.CrpLnd.Area,42.948
Latvia.LV00.CrpLnd.HiSol_CO2,18.333
Latvia.LV00.CrpLnd.HiSol_N2O,3.432
,
Lithuania.LT00.GRSLND.Area,28.851
Lithuania.LT00.GRSLND.HiSol_CO2,0.917
Lithuania.LT00.GRSLND.HiSol_N2O,3.432
,
Lithuania.LT00.CrpLnd.Area,52.778
Lithuania.LT00.CrpLnd.HiSol_CO2,18.333
Lithuania.LT00.CrpLnd.HiSol_N2O,3.432
,
Luxembourg.LU00.GRSLND.Area,0.114
Luxembourg.LU00.GRSLND.HiSol_CO2,3.442
Luxembourg.LU00.GRSLND.HiSol_N2O,3.429
,
Luxembourg.LU00.CrpLnd.Area,0.17
Luxembourg.LU00.CrpLnd.HiSol_CO2,26.002
Luxembourg.LU00.CrpLnd.HiSol_N2O,3.429
,
Netherlands.NL11.GRSLND.Area,19.415
Netherlands.NL11.GRSLND.HiSol_CO2,1.035
Netherlands.NL11.GRSLND.HiSol_N2O,3.432
,
Netherlands.NL11.CrpLnd.Area,21.892
Netherlands.NL11.CrpLnd.HiSol_CO2,20.07
Netherlands.NL11.CrpLnd.HiSol_N2O,3.432
,
Netherlands.NL12.GRSLND.Area,46.025
Netherlands.NL12.GRSLND.HiSol_CO2,1.035
Netherlands.NL12.GRSLND.HiSol_N2O,3.432
,
Netherlands.NL12.CrpLnd.Area,3.942
Netherlands.NL12.CrpLnd.HiSol_CO2,20.07
Netherlands.NL12.CrpLnd.HiSol_N2O,3.432
,
Netherlands.NL13.GRSLND.Area,19.897
Netherlands.NL13.GRSLND.HiSol_CO2,1.035
Netherlands.NL13.GRSLND.HiSol_N2O,3.432
,
Netherlands.NL13.CrpLnd.Area,29.318
Netherlands.NL13.CrpLnd.HiSol_CO2,20.07
Netherlands.NL13.CrpLnd.HiSol_N2O,3.432
,
Netherlands.NL21.GRSLND.Area,32.232
Netherlands.NL21.GRSLND.HiSol_CO2,1.035
Netherlands.NL21.GRSLND.HiSol_N2O,3.432
,
Netherlands.NL21.CrpLnd.Area,6.905
Netherlands.NL21.CrpLnd.HiSol_CO2,20.07
Netherlands.NL21.CrpLnd.HiSol_N2O,3.432
,
Netherlands.NL22.GRSLND.Area,3.022
Netherlands.NL22.GRSLND.HiSol_CO2,1.035
Netherlands.NL22.GRSLND.HiSol_N2O,3.432
,
Netherlands.NL22.CrpLnd.Area,0.673
Netherlands.NL22.CrpLnd.HiSol_CO2,20.071
Netherlands.NL22.CrpLnd.HiSol_N2O,3.433
,
Netherlands.NL23.GRSLND.Area,0.031
Netherlands.NL23.GRSLND.HiSol_CO2,1.035
Netherlands.NL23.GRSLND.HiSol_N2O,3.431
,
Netherlands.NL23.CrpLnd.Area,0.908
Netherlands.NL23.CrpLnd.HiSol_CO2,20.071
Netherlands.NL23.CrpLnd.HiSol_N2O,3.432
,
Netherlands.NL31.GRSLND.Area,13.917
Netherlands.NL31.GRSLND.HiSol_CO2,1.035
Netherlands.NL31.GRSLND.HiSol_N2O,3.432
,
Netherlands.NL31.CrpLnd.Area,1.079
Netherlands.NL31.CrpLnd.HiSol_CO2,20.07
Netherlands.NL31.CrpLnd.HiSol_N2O,3.432
,
Netherlands.NL32.GRSLND.Area,22.648
Netherlands.NL32.GRSLND.HiSol_CO2,1.035
Netherlands.NL32.GRSLND.HiSol_N2O,3.432
,
Netherlands.NL32.CrpLnd.Area,4.315
Netherlands.NL32.CrpLnd.HiSol_CO2,20.07
Netherlands.NL32.CrpLnd.HiSol_N2O,3.432
,
Netherlands.NL33.GRSLND.Area,39.317
Netherlands.NL33.GRSLND.HiSol_CO2,1.035
Netherlands.NL33.GRSLND.HiSol_N2O,3.432
,
Netherlands.NL33.CrpLnd.Area,4.802
Netherlands.NL33.CrpLnd.HiSol_CO2,20.07
Netherlands.NL33.CrpLnd.HiSol_N2O,3.432
,
Netherlands.NL34.GRSLND.Area,0.046
Netherlands.NL34.GRSLND.HiSol_CO2,1.035
Netherlands.NL34.GRSLND.HiSol_N2O,3.429
,
Netherlands.NL34.CrpLnd.Area,0.291
Netherlands.NL34.CrpLnd.HiSol_CO2,20.068
Netherlands.NL34.CrpLnd.HiSol_N2O,3.436
,
Netherlands.NL41.GRSLND.Area,2.205
Netherlands.NL41.GRSLND.HiSol_CO2,1.035
Netherlands.NL41.GRSLND.HiSol_N2O,3.432
,
Netherlands.NL41.CrpLnd.Area,3.796
Netherlands.NL41.CrpLnd.HiSol_CO2,20.071
Netherlands.NL41.CrpLnd.HiSol_N2O,3.432
,
Netherlands.NL42.GRSLND.Area,0.986
Netherlands.NL42.GRSLND.HiSol_CO2,1.035
Netherlands.NL42.GRSLND.HiSol_N2O,3.432
,
Netherlands.NL42.CrpLnd.Area,2.35
Netherlands.NL42.CrpLnd.HiSol_CO2,20.07
Netherlands.NL42.CrpLnd.HiSol_N2O,3.432
,
Poland.PL01.GRSLND.Area,15.611
Poland.PL01.GRSLND.HiSol_CO2,0.917
Poland.PL01.GRSLND.HiSol_N2O,3.432
,
Poland.PL01.CrpLnd.Area,11.155
Poland.PL01.CrpLnd.HiSol_CO2,18.333
Poland.PL01.CrpLnd.HiSol_N2O,3.432
,
Poland.PL02.GRSLND.Area,33.408
Poland.PL02.GRSLND.HiSol_CO2,0.917
Poland.PL02.GRSLND.HiSol_N2O,3.432
,
Poland.PL02.CrpLnd.Area,21.377
Poland.PL02.CrpLnd.HiSol_CO2,18.333
Poland.PL02.CrpLnd.HiSol_N2O,3.432
,
Poland.PL03.GRSLND.Area,96.39
Poland.PL03.GRSLND.HiSol_CO2,0.917
Poland.PL03.GRSLND.HiSol_N2O,3.432
,
Poland.PL03.CrpLnd.Area,33.382
Poland.PL03.CrpLnd.HiSol_CO2,18.333
Poland.PL03.CrpLnd.HiSol_N2O,3.432
,
Poland.PL04.GRSLND.Area,23.408
Poland.PL04.GRSLND.HiSol_CO2,0.917
Poland.PL04.GRSLND.HiSol_N2O,3.432
,
Poland.PL04.CrpLnd.Area,6.21
Poland.PL04.CrpLnd.HiSol_CO2,18.334
Poland.PL04.CrpLnd.HiSol_N2O,3.432
,
Poland.PL05.GRSLND.Area,30.381
Poland.PL05.GRSLND.HiSol_CO2,0.917
Poland.PL05.GRSLND.HiSol_N2O,3.432
,
Poland.PL05.CrpLnd.Area,12.283
Poland.PL05.CrpLnd.HiSol_CO2,18.333
Poland.PL05.CrpLnd.HiSol_N2O,3.432
,
Poland.PL06.GRSLND.Area,14.075
Poland.PL06.GRSLND.HiSol_CO2,0.917
Poland.PL06.GRSLND.HiSol_N2O,3.432
,
Poland.PL06.CrpLnd.Area,4.535
Poland.PL06.CrpLnd.HiSol_CO2,18.333
Poland.PL06.CrpLnd.HiSol_N2O,3.432
,
Poland.PL07.GRSLND.Area,127.336
Poland.PL07.GRSLND.HiSol_CO2,0.917
Poland.PL07.GRSLND.HiSol_N2O,3.432
,
Poland.PL07.CrpLnd.Area,22.906
Poland.PL07.CrpLnd.HiSol_CO2,18.334
Poland.PL07.CrpLnd.HiSol_N2O,3.432
,
Poland.PL08.GRSLND.Area,9.476
Poland.PL08.GRSLND.HiSol_CO2,0.917
Poland.PL08.GRSLND.HiSol_N2O,3.432
,
Poland.PL08.CrpLnd.Area,5.837
Poland.PL08.CrpLnd.HiSol_CO2,18.333
Poland.PL08.CrpLnd.HiSol_N2O,3.432
,
Poland.PL09.GRSLND.Area,20.207
Poland.PL09.GRSLND.HiSol_CO2,0.917
Poland.PL09.GRSLND.HiSol_N2O,3.432
,
Poland.PL09.CrpLnd.Area,4.676
Poland.PL09.CrpLnd.HiSol_CO2,18.333
Poland.PL09.CrpLnd.HiSol_N2O,3.432
,
Poland.PL0A.GRSLND.Area,165.952
Poland.PL0A.GRSLND.HiSol_CO2,0.917
Poland.PL0A.GRSLND.HiSol_N2O,3.432
,
Poland.PL0A.CrpLnd.Area,22.288
Poland.PL0A.CrpLnd.HiSol_CO2,18.334
Poland.PL0A.CrpLnd.HiSol_N2O,3.432
,
Poland.PL0B.GRSLND.Area,35.852
Poland.PL0B.GRSLND.HiSol_CO2,0.917
Poland.PL0B.GRSLND.HiSol_N2O,3.432
,
Poland.PL0B.CrpLnd.Area,12.343
Poland.PL0B.CrpLnd.HiSol_CO2,18.333
Poland.PL0B.CrpLnd.HiSol_N2O,3.432
,
Poland.PL0C.GRSLND.Area,9.15
Poland.PL0C.GRSLND.HiSol_CO2,0.917
Poland.PL0C.GRSLND.HiSol_N2O,3.432
,
Poland.PL0C.CrpLnd.Area,3.849
Poland.PL0C.CrpLnd.HiSol_CO2,18.333
Poland.PL0C.CrpLnd.HiSol_N2O,3.432
,
Poland.PL0D.GRSLND.Area,11.311
Poland.PL0D.GRSLND.HiSol_CO2,0.917
Poland.PL0D.GRSLND.HiSol_N2O,3.432
,
Poland.PL0D.CrpLnd.Area,3.851
Poland.PL0D.CrpLnd.HiSol_CO2,18.333
Poland.PL0D.CrpLnd.HiSol_N2O,3.432
,
Poland.PL0E.GRSLND.Area,59.717
Poland.PL0E.GRSLND.HiSol_CO2,0.917
Poland.PL0E.GRSLND.HiSol_N2O,3.432
,
Poland.PL0E.CrpLnd.Area,11.34
Poland.PL0E.CrpLnd.HiSol_CO2,18.333
Poland.PL0E.CrpLnd.HiSol_N2O,3.432
,
Poland.PL0F.GRSLND.Area,78.39
Poland.PL0F.GRSLND.HiSol_CO2,0.917
Poland.PL0F.GRSLND.HiSol_N2O,3.432
,
Poland.PL0F.CrpLnd.Area,29.67
Poland.PL0F.CrpLnd.HiSol_CO2,18.333
Poland.PL0F.CrpLnd.HiSol_N2O,3.432
,
Poland.PL0G.GRSLND.Area,46.901
Poland.PL0G.GRSLND.HiSol_CO2,0.917
Poland.PL0G.GRSLND.HiSol_N2O,3.432
,
Poland.PL0G.CrpLnd.Area,13.701
Poland.PL0G.CrpLnd.HiSol_CO2,18.333
Poland.PL0G.CrpLnd.HiSol_N2O,3.432
,
Portugal.PT11.GRSLND.Area,0.002
Portugal.PT11.GRSLND.HiSol_CO2,9.185
Portugal.PT11.GRSLND.HiSol_N2O,3.461
,
Portugal.PT11.CrpLnd.Area,0.03
Portugal.PT11.CrpLnd.HiSol_CO2,36.704
Portugal.PT11.CrpLnd.HiSol_N2O,3.443
,
Portugal.PT12.GRSLND.Area,0.161
Portugal.PT12.GRSLND.HiSol_CO2,9.114
Portugal.PT12.GRSLND.HiSol_N2O,3.431
,
Portugal.PT12.CrpLnd.Area,0.899
Portugal.PT12.CrpLnd.HiSol_CO2,36.593
Portugal.PT12.CrpLnd.HiSol_N2O,3.436
,
Portugal.PT13.GRSLND.Area,0.517
Portugal.PT13.GRSLND.HiSol_CO2,9.109
Portugal.PT13.GRSLND.HiSol_N2O,3.432
,
Portugal.PT13.CrpLnd.Area,0.929
Portugal.PT13.CrpLnd.HiSol_CO2,36.591
Portugal.PT13.CrpLnd.HiSol_N2O,3.432
,
Portugal.PT14.GRSLND.Area,2.342
Portugal.PT14.GRSLND.HiSol_CO2,9.11
Portugal.PT14.GRSLND.HiSol_N2O,3.429
,
Portugal.PT14.CrpLnd.Area,4.257
Portugal.PT14.CrpLnd.HiSol_CO2,36.591
Portugal.PT14.CrpLnd.HiSol_N2O,3.429
,
Portugal.PT15.GRSLND.Area,0.035
Portugal.PT15.GRSLND.HiSol_CO2,9.109
Portugal.PT15.GRSLND.HiSol_N2O,3.435
,
Portugal.PT15.CrpLnd.Area,0.063
Portugal.PT15.CrpLnd.HiSol_CO2,36.59
Portugal.PT15.CrpLnd.HiSol_N2O,3.417
,
Romania.RO01.GRSLND.Area,2.181
Romania.RO01.GRSLND.HiSol_CO2,3.198
Romania.RO01.GRSLND.HiSol_N2O,3.424
,
Romania.RO01.CrpLnd.Area,0.001
Romania.RO01.CrpLnd.HiSol_CO2,23.5
Romania.RO01.CrpLnd.HiSol_N2O,2.618
,
Romania.RO02.GRSLND.Area,8.986
Romania.RO02.GRSLND.HiSol_CO2,3.198
Romania.RO02.GRSLND.HiSol_N2O,3.432
,
Romania.RO02.CrpLnd.Area,24.126
Romania.RO02.CrpLnd.HiSol_CO2,30.84
Romania.RO02.CrpLnd.HiSol_N2O,3.432
,
Romania.RO03.GRSLND.Area,0.007
Romania.RO03.GRSLND.HiSol_CO2,3.143
Romania.RO03.GRSLND.HiSol_N2O,3.38
,
Romania.RO03.CrpLnd.Area,0.02
Romania.RO03.CrpLnd.HiSol_CO2,30.831
Romania.RO03.CrpLnd.HiSol_N2O,3.44
,
Romania.RO04.GRSLND.Area,0
Romania.RO04.GRSLND.HiSol_CO2,3.3
Romania.RO04.GRSLND.HiSol_N2O,3.544
,
Romania.RO04.CrpLnd.Area,0.002
Romania.RO04.CrpLnd.HiSol_CO2,26.65
Romania.RO04.CrpLnd.HiSol_N2O,2.962
,
Romania.RO06.GRSLND.Area,1.487
Romania.RO06.GRSLND.HiSol_CO2,3.198
Romania.RO06.GRSLND.HiSol_N2O,3.448
,
Romania.RO06.CrpLnd.Area,4.871
Romania.RO06.CrpLnd.HiSol_CO2,30.837
Romania.RO06.CrpLnd.HiSol_N2O,3.434
,
Slovakia.SK01.GRSLND.Area,0.098
Slovakia.SK01.GRSLND.HiSol_CO2,1.173
Slovakia.SK01.GRSLND.HiSol_N2O,3.432
,
Slovakia.SK01.CrpLnd.Area,0.653
Slovakia.SK01.CrpLnd.HiSol_CO2,22.087
Slovakia.SK01.CrpLnd.HiSol_N2O,3.432
,
Slovakia.SK02.GRSLND.Area,0.058
Slovakia.SK02.GRSLND.HiSol_CO2,1.172
Slovakia.SK02.GRSLND.HiSol_N2O,3.428
,
Slovakia.SK02.CrpLnd.Area,0.46
Slovakia.SK02.CrpLnd.HiSol_CO2,22.103
Slovakia.SK02.CrpLnd.HiSol_N2O,3.436
,
Slovakia.SK03.GRSLND.Area,0.242
Slovakia.SK03.GRSLND.HiSol_CO2,1.173
Slovakia.SK03.GRSLND.HiSol_N2O,3.432
,
Slovakia.SK03.CrpLnd.Area,0.015
Slovakia.SK03.CrpLnd.HiSol_CO2,22.11
Slovakia.SK03.CrpLnd.HiSol_N2O,3.437
,
Slovakia.SK04.GRSLND.Area,0.1
Slovakia.SK04.GRSLND.HiSol_CO2,1.173
Slovakia.SK04.GRSLND.HiSol_N2O,3.437
,
Slovakia.SK04.CrpLnd.Area,0.163
Slovakia.SK04.CrpLnd.HiSol_CO2,22.095
Slovakia.SK04.CrpLnd.HiSol_N2O,3.431
,
Slovenia.SI00.GRSLND.Area,2.408
Slovenia.SI00.GRSLND.HiSol_CO2,2.515
Slovenia.SI00.GRSLND.HiSol_N2O,3.435
,
Slovenia.SI00.CrpLnd.Area,3.961
Slovenia.SI00.CrpLnd.HiSol_CO2,21.152
Slovenia.SI00.CrpLnd.HiSol_N2O,3.432
,
Sweden.SE01.GRSLND.Area,0.288
Sweden.SE01.GRSLND.HiSol_CO2,0.917
Sweden.SE01.GRSLND.HiSol_N2O,3.432
,
Sweden.SE01.CrpLnd.Area,1.082
Sweden.SE01.CrpLnd.HiSol_CO2,18.334
Sweden.SE01.CrpLnd.HiSol_N2O,3.432
,
Sweden.SE02.GRSLND.Area,3.038
Sweden.SE02.GRSLND.HiSol_CO2,0.917
Sweden.SE02.GRSLND.HiSol_N2O,3.432
,
Sweden.SE02.CrpLnd.Area,13.088
Sweden.SE02.CrpLnd.HiSol_CO2,18.333
Sweden.SE02.CrpLnd.HiSol_N2O,3.432
,
Sweden.SE04.GRSLND.Area,0.943
Sweden.SE04.GRSLND.HiSol_CO2,0.917
Sweden.SE04.GRSLND.HiSol_N2O,3.432
,
Sweden.SE04.CrpLnd.Area,6.829
Sweden.SE04.CrpLnd.HiSol_CO2,18.333
Sweden.SE04.CrpLnd.HiSol_N2O,3.432
,
Sweden.SE06.GRSLND.Area,2.033
Sweden.SE06.GRSLND.HiSol_CO2,0.917
Sweden.SE06.GRSLND.HiSol_N2O,3.432
,
Sweden.SE06.CrpLnd.Area,4.457
Sweden.SE06.CrpLnd.HiSol_CO2,18.333
Sweden.SE06.CrpLnd.HiSol_N2O,3.432
,
Sweden.SE07.GRSLND.Area,1.536
Sweden.SE07.GRSLND.HiSol_CO2,0.917
Sweden.SE07.GRSLND.HiSol_N2O,3.432
,
Sweden.SE07.CrpLnd.Area,2.115
Sweden.SE07.CrpLnd.HiSol_CO2,18.333
Sweden.SE07.CrpLnd.HiSol_N2O,3.432
,
Sweden.SE08.GRSLND.Area,0.736
Sweden.SE08.GRSLND.HiSol_CO2,0.917
Sweden.SE08.GRSLND.HiSol_N2O,3.432
,
Sweden.SE08.CrpLnd.Area,3.107
Sweden.SE08.CrpLnd.HiSol_CO2,18.333
Sweden.SE08.CrpLnd.HiSol_N2O,3.432
,
Sweden.SE09.GRSLND.Area,2.521
Sweden.SE09.GRSLND.HiSol_CO2,0.917
Sweden.SE09.GRSLND.HiSol_N2O,3.432
,
Sweden.SE09.CrpLnd.Area,6.808
Sweden.SE09.CrpLnd.HiSol_CO2,18.333
Sweden.SE09.CrpLnd.HiSol_N2O,3.432
,
Sweden.SE0A.GRSLND.Area,3.891
Sweden.SE0A.GRSLND.HiSol_CO2,0.917
Sweden.SE0A.GRSLND.HiSol_N2O,3.432
,
Sweden.SE0A.CrpLnd.Area,13.849
Sweden.SE0A.CrpLnd.HiSol_CO2,18.334
Sweden.SE0A.CrpLnd.HiSol_N2O,3.432
,
UK.UKC1.GRSLND.Area,10.429
UK.UKC1.GRSLND.HiSol_CO2,1.345
UK.UKC1.GRSLND.HiSol_N2O,3.432
,
UK.UKC1.CrpLnd.Area,0.113
UK.UKC1.CrpLnd.HiSol_CO2,19.31
UK.UKC1.CrpLnd.HiSol_N2O,3.437
,
UK.UKC2.GRSLND.Area,18.851
UK.UKC2.GRSLND.HiSol_CO2,1.345
UK.UKC2.GRSLND.HiSol_N2O,3.432
,
UK.UKC2.CrpLnd.Area,0.178
UK.UKC2.CrpLnd.HiSol_CO2,19.31
UK.UKC2.CrpLnd.HiSol_N2O,3.437
,
UK.UKD1.GRSLND.Area,36.787
UK.UKD1.GRSLND.HiSol_CO2,1.345
UK.UKD1.GRSLND.HiSol_N2O,3.432
,
UK.UKD1.CrpLnd.Area,0.513
UK.UKD1.CrpLnd.HiSol_CO2,19.308
UK.UKD1.CrpLnd.HiSol_N2O,3.432
,
UK.UKD2.GRSLND.Area,6.89
UK.UKD2.GRSLND.HiSol_CO2,1.345
UK.UKD2.GRSLND.HiSol_N2O,3.432
,
UK.UKD2.CrpLnd.Area,0.895
UK.UKD2.CrpLnd.HiSol_CO2,19.308
UK.UKD2.CrpLnd.HiSol_N2O,3.432
,
UK.UKD3.GRSLND.Area,1.645
UK.UKD3.GRSLND.HiSol_CO2,1.345
UK.UKD3.GRSLND.HiSol_N2O,3.432
,
UK.UKD3.CrpLnd.Area,0.127
UK.UKD3.CrpLnd.HiSol_CO2,19.308
UK.UKD3.CrpLnd.HiSol_N2O,3.432
,
UK.UKD4.GRSLND.Area,16.021
UK.UKD4.GRSLND.HiSol_CO2,1.345
UK.UKD4.GRSLND.HiSol_N2O,3.432
,
UK.UKD4.CrpLnd.Area,0.372
UK.UKD4.CrpLnd.HiSol_CO2,19.308
UK.UKD4.CrpLnd.HiSol_N2O,3.432
,
UK.UKD5.GRSLND.Area,0.279
UK.UKD5.GRSLND.HiSol_CO2,1.345
UK.UKD5.GRSLND.HiSol_N2O,3.432
,
UK.UKD5.CrpLnd.Area,0.232
UK.UKD5.CrpLnd.HiSol_CO2,19.308
UK.UKD5.CrpLnd.HiSol_N2O,3.432
,
UK.UKE1.GRSLND.Area,3.032
UK.UKE1.GRSLND.HiSol_CO2,1.345
UK.UKE1.GRSLND.HiSol_N2O,3.432
,
UK.UKE1.CrpLnd.Area,2.198
UK.UKE1.CrpLnd.HiSol_CO2,19.307
UK.UKE1.CrpLnd.HiSol_N2O,3.432
,
UK.UKE2.GRSLND.Area,20.918
UK.UKE2.GRSLND.HiSol_CO2,1.345
UK.UKE2.GRSLND.HiSol_N2O,3.432
,
UK.UKE2.CrpLnd.Area,2.982
UK.UKE2.CrpLnd.HiSol_CO2,19.307
UK.UKE2.CrpLnd.HiSol_N2O,3.432
,
UK.UKE3.GRSLND.Area,1.557
UK.UKE3.GRSLND.HiSol_CO2,1.345
UK.UKE3.GRSLND.HiSol_N2O,3.432
,
UK.UKE3.CrpLnd.Area,0.628
UK.UKE3.CrpLnd.HiSol_CO2,19.307
UK.UKE3.CrpLnd.HiSol_N2O,3.432
,
UK.UKE4.GRSLND.Area,3.046
UK.UKE4.GRSLND.HiSol_CO2,1.345
UK.UKE4.GRSLND.HiSol_N2O,3.432
,
UK.UKE4.CrpLnd.Area,0.442
UK.UKE4.CrpLnd.HiSol_CO2,19.307
UK.UKE4.CrpLnd.HiSol_N2O,3.432
,
UK.UKF1.GRSLND.Area,2.355
UK.UKF1.GRSLND.HiSol_CO2,1.345
UK.UKF1.GRSLND.HiSol_N2O,3.432
,
UK.UKF1.CrpLnd.Area,1.246
UK.UKF1.CrpLnd.HiSol_CO2,19.306
UK.UKF1.CrpLnd.HiSol_N2O,3.431
,
UK.UKF2.GRSLND.Area,2.171
UK.UKF2.GRSLND.HiSol_CO2,1.345
UK.UKF2.GRSLND.HiSol_N2O,3.432
,
UK.UKF2.CrpLnd.Area,2.17
UK.UKF2.CrpLnd.HiSol_CO2,19.306
UK.UKF2.CrpLnd.HiSol_N2O,3.431
,
UK.UKF3.GRSLND.Area,1.168
UK.UKF3.GRSLND.HiSol_CO2,1.345
UK.UKF3.GRSLND.HiSol_N2O,3.432
,
UK.UKF3.CrpLnd.Area,3.092
UK.UKF3.CrpLnd.HiSol_CO2,19.306
UK.UKF3.CrpLnd.HiSol_N2O,3.431
,
UK.UKG1.GRSLND.Area,1.606
UK.UKG1.GRSLND.HiSol_CO2,1.345
UK.UKG1.GRSLND.HiSol_N2O,3.43
,
UK.UKG1.CrpLnd.Area,0.538
UK.UKG1.CrpLnd.HiSol_CO2,19.308
UK.UKG1.CrpLnd.HiSol_N2O,3.431
,
UK.UKG2.GRSLND.Area,2.262
UK.UKG2.GRSLND.HiSol_CO2,1.345
UK.UKG2.GRSLND.HiSol_N2O,3.43
,
UK.UKG2.CrpLnd.Area,0.388
UK.UKG2.CrpLnd.HiSol_CO2,19.308
UK.UKG2.CrpLnd.HiSol_N2O,3.431
,
UK.UKG3.GRSLND.Area,0.014
UK.UKG3.GRSLND.HiSol_CO2,1.345
UK.UKG3.GRSLND.HiSol_N2O,3.43
,
UK.UKG3.CrpLnd.Area,0.013
UK.UKG3.CrpLnd.HiSol_CO2,19.308
UK.UKG3.CrpLnd.HiSol_N2O,3.431
,
UK.UKH1.GRSLND.Area,3.18
UK.UKH1.GRSLND.HiSol_CO2,1.345
UK.UKH1.GRSLND.HiSol_N2O,3.432
,
UK.UKH1.CrpLnd.Area,15.182
UK.UKH1.CrpLnd.HiSol_CO2,19.307
UK.UKH1.CrpLnd.HiSol_N2O,3.432
,
UK.UKH2.GRSLND.Area,0.661
UK.UKH2.GRSLND.HiSol_CO2,1.345
UK.UKH2.GRSLND.HiSol_N2O,3.432
,
UK.UKH2.CrpLnd.Area,2.792
UK.UKH2.CrpLnd.HiSol_CO2,19.307
UK.UKH2.CrpLnd.HiSol_N2O,3.432
,
UK.UKH3.GRSLND.Area,0.914
UK.UKH3.GRSLND.HiSol_CO2,1.345
UK.UKH3.GRSLND.HiSol_N2O,3.432
,
UK.UKH3.CrpLnd.Area,3.845
UK.UKH3.CrpLnd.HiSol_CO2,19.307
UK.UKH3.CrpLnd.HiSol_N2O,3.432
,
UK.UKJ1.GRSLND.Area,0.059
UK.UKJ1.GRSLND.HiSol_CO2,1.346
UK.UKJ1.GRSLND.HiSol_N2O,3.436
,
UK.UKJ1.CrpLnd.Area,0.04
UK.UKJ1.CrpLnd.HiSol_CO2,19.269
UK.UKJ1.CrpLnd.HiSol_N2O,3.432
,
UK.UKJ2.GRSLND.Area,0.078
UK.UKJ2.GRSLND.HiSol_CO2,1.346
UK.UKJ2.GRSLND.HiSol_N2O,3.436
,
UK.UKJ2.CrpLnd.Area,0.021
UK.UKJ2.CrpLnd.HiSol_CO2,19.269
UK.UKJ2.CrpLnd.HiSol_N2O,3.432
,
UK.UKJ3.GRSLND.Area,0.035
UK.UKJ3.GRSLND.HiSol_CO2,1.346
UK.UKJ3.GRSLND.HiSol_N2O,3.436
,
UK.UKJ3.CrpLnd.Area,0.027
UK.UKJ3.CrpLnd.HiSol_CO2,19.269
UK.UKJ3.CrpLnd.HiSol_N2O,3.432
,
UK.UKJ4.GRSLND.Area,0.046
UK.UKJ4.GRSLND.HiSol_CO2,1.346
UK.UKJ4.GRSLND.HiSol_N2O,3.436
,
UK.UKJ4.CrpLnd.Area,0.027
UK.UKJ4.CrpLnd.HiSol_CO2,19.269
UK.UKJ4.CrpLnd.HiSol_N2O,3.432
,
UK.UKK1.GRSLND.Area,2.342
UK.UKK1.GRSLND.HiSol_CO2,1.345
UK.UKK1.GRSLND.HiSol_N2O,3.43
,
UK.UKK1.CrpLnd.Area,0.557
UK.UKK1.CrpLnd.HiSol_CO2,19.304
UK.UKK1.CrpLnd.HiSol_N2O,3.435
,
UK.UKK2.GRSLND.Area,5.439
UK.UKK2.GRSLND.HiSol_CO2,1.345
UK.UKK2.GRSLND.HiSol_N2O,3.43
,
UK.UKK2.CrpLnd.Area,0.322
UK.UKK2.CrpLnd.HiSol_CO2,19.304
UK.UKK2.CrpLnd.HiSol_N2O,3.435
,
UK.UKK3.GRSLND.Area,2.262
UK.UKK3.GRSLND.HiSol_CO2,1.345
UK.UKK3.GRSLND.HiSol_N2O,3.43
,
UK.UKK3.CrpLnd.Area,0.231
UK.UKK3.CrpLnd.HiSol_CO2,19.304
UK.UKK3.CrpLnd.HiSol_N2O,3.435
,
UK.UKK4.GRSLND.Area,5.457
UK.UKK4.GRSLND.HiSol_CO2,1.345
UK.UKK4.GRSLND.HiSol_N2O,3.43
,
UK.UKK4.CrpLnd.Area,0.357
UK.UKK4.CrpLnd.HiSol_CO2,19.304
UK.UKK4.CrpLnd.HiSol_N2O,3.435
,
UK.UKL1.GRSLND.Area,27.886
UK.UKL1.GRSLND.HiSol_CO2,1.345
UK.UKL1.GRSLND.HiSol_N2O,3.432
,
UK.UKL1.CrpLnd.Area,0.337
UK.UKL1.CrpLnd.HiSol_CO2,19.309
UK.UKL1.CrpLnd.HiSol_N2O,3.433
,
UK.UKL2.GRSLND.Area,15.009
UK.UKL2.GRSLND.HiSol_CO2,1.345
UK.UKL2.GRSLND.HiSol_N2O,3.432
,
UK.UKL2.CrpLnd.Area,0.51
UK.UKL2.CrpLnd.HiSol_CO2,19.309
UK.UKL2.CrpLnd.HiSol_N2O,3.433
,
UK.UKM1.GRSLND.Area,71.518
UK.UKM1.GRSLND.HiSol_CO2,1.345
UK.UKM1.GRSLND.HiSol_N2O,3.432
,
UK.UKM1.CrpLnd.Area,5.398
UK.UKM1.CrpLnd.HiSol_CO2,19.307
UK.UKM1.CrpLnd.HiSol_N2O,3.432
,
UK.UKM2.GRSLND.Area,264.654
UK.UKM2.GRSLND.HiSol_CO2,1.345
UK.UKM2.GRSLND.HiSol_N2O,3.432
,
UK.UKM2.CrpLnd.Area,10.219
UK.UKM2.CrpLnd.HiSol_CO2,19.307
UK.UKM2.CrpLnd.HiSol_N2O,3.432
,
UK.UKM3.GRSLND.Area,338.512
UK.UKM3.GRSLND.HiSol_CO2,1.345
UK.UKM3.GRSLND.HiSol_N2O,3.432
,
UK.UKM3.CrpLnd.Area,1.978
UK.UKM3.CrpLnd.HiSol_CO2,19.307
UK.UKM3.CrpLnd.HiSol_N2O,3.432
,
UK.UKM4.GRSLND.Area,270.055
UK.UKM4.GRSLND.HiSol_CO2,1.345
UK.UKM4.GRSLND.HiSol_N2O,3.432
,
UK.UKM4.CrpLnd.Area,1.319
UK.UKM4.CrpLnd.HiSol_CO2,19.307
UK.UKM4.CrpLnd.HiSol_N2O,3.432
,
UK.UKN0.GRSLND.Area,122.083
UK.UKN0.GRSLND.HiSol_CO2,1.345
UK.UKN0.GRSLND.HiSol_N2O,3.432
,
UK.UKN0.CrpLnd.Area,4.359
UK.UKN0.CrpLnd.HiSol_CO2,19.307
UK.UKN0.CrpLnd.HiSol_N2O,3.432
,
/,